filename,p_np
1.png,1
2.png,1
3.png,1
4.png,1
5.png,1
6.png,1
7.png,1
8.png,1
9.png,1
10.png,1
11.png,0
12.png,1
13.png,1
14.png,1
15.png,1
16.png,1
17.png,1
18.png,1
19.png,1
20.png,1
21.png,1
22.png,1
23.png,0
24.png,1
25.png,1
26.png,0
27.png,1
28.png,1
29.png,1
30.png,1
31.png,1
32.png,1
33.png,1
34.png,1
35.png,1
36.png,1
37.png,0
38.png,1
39.png,1
40.png,0
41.png,1
42.png,1
43.png,1
44.png,1
45.png,1
46.png,1
47.png,1
48.png,1
49.png,1
50.png,1
51.png,1
52.png,1
53.png,1
54.png,1
55.png,1
56.png,1
57.png,1
58.png,0
59.png,1
60.png,1
61.png,1
62.png,1
63.png,1
64.png,1
65.png,1
66.png,1
67.png,0
68.png,1
69.png,1
70.png,1
71.png,1
72.png,1
73.png,1
74.png,0
75.png,1
76.png,1
77.png,1
78.png,1
79.png,1
80.png,0
81.png,1
82.png,1
83.png,1
84.png,1
85.png,1
86.png,1
87.png,1
88.png,1
89.png,1
90.png,1
91.png,1
92.png,1
93.png,1
94.png,1
95.png,1
96.png,1
97.png,1
98.png,1
99.png,0
100.png,0
101.png,0
102.png,0
103.png,0
104.png,0
105.png,0
106.png,0
107.png,1
108.png,1
109.png,1
110.png,1
111.png,1
112.png,1
113.png,1
114.png,1
115.png,1
116.png,0
117.png,1
118.png,1
119.png,1
120.png,1
121.png,0
122.png,0
123.png,0
124.png,0
125.png,0
126.png,0
127.png,0
128.png,0
129.png,0
130.png,0
131.png,0
132.png,0
133.png,0
134.png,1
135.png,1
136.png,1
137.png,1
138.png,1
139.png,1
140.png,1
141.png,1
142.png,1
143.png,0
144.png,0
145.png,0
146.png,1
147.png,0
148.png,0
149.png,0
150.png,0
151.png,0
152.png,0
153.png,0
154.png,0
155.png,0
156.png,0
157.png,0
158.png,1
159.png,1
160.png,1
161.png,1
162.png,1
163.png,1
164.png,1
165.png,1
166.png,1
167.png,1
168.png,1
169.png,1
170.png,0
171.png,1
172.png,1
173.png,0
174.png,0
175.png,1
176.png,1
177.png,0
178.png,0
179.png,0
180.png,0
181.png,0
182.png,0
183.png,0
184.png,0
185.png,0
186.png,1
187.png,1
188.png,1
189.png,1
190.png,1
191.png,1
192.png,1
193.png,1
194.png,1
195.png,1
196.png,0
197.png,0
198.png,0
199.png,0
200.png,0
201.png,0
202.png,0
203.png,1
204.png,0
205.png,0
206.png,0
207.png,0
208.png,0
209.png,0
210.png,0
211.png,0
212.png,0
213.png,0
214.png,1
215.png,1
216.png,1
217.png,1
218.png,1
219.png,1
220.png,1
221.png,1
222.png,1
223.png,1
224.png,1
225.png,0
226.png,1
227.png,1
228.png,1
229.png,0
230.png,0
231.png,0
232.png,0
233.png,0
234.png,0
235.png,0
236.png,0
237.png,0
238.png,0
239.png,0
240.png,1
241.png,1
242.png,1
243.png,1
244.png,1
245.png,1
246.png,1
247.png,1
248.png,1
249.png,1
250.png,0
251.png,0
252.png,0
253.png,1
254.png,1
255.png,0
256.png,0
257.png,0
258.png,0
259.png,0
260.png,0
261.png,0
262.png,0
263.png,0
264.png,0
265.png,0
266.png,0
267.png,1
268.png,1
269.png,1
270.png,1
271.png,0
272.png,0
273.png,1
274.png,0
275.png,0
276.png,0
277.png,0
278.png,0
279.png,0
280.png,0
281.png,0
282.png,0
283.png,0
284.png,0
285.png,0
286.png,0
287.png,1
288.png,0
289.png,1
290.png,1
291.png,0
292.png,1
293.png,1
294.png,0
295.png,1
296.png,1
297.png,1
298.png,0
299.png,0
300.png,0
301.png,0
302.png,0
303.png,0
304.png,0
305.png,0
306.png,0
307.png,0
308.png,0
309.png,1
310.png,0
311.png,1
312.png,1
313.png,0
314.png,0
315.png,1
316.png,0
317.png,1
318.png,1
319.png,0
320.png,1
321.png,1
322.png,0
323.png,0
324.png,0
325.png,0
326.png,0
327.png,0
328.png,0
329.png,0
330.png,0
331.png,0
332.png,1
333.png,1
334.png,1
335.png,1
336.png,1
337.png,1
338.png,1
339.png,1
340.png,0
341.png,1
342.png,1
343.png,1
344.png,1
345.png,1
346.png,1
347.png,0
348.png,1
349.png,0
350.png,0
351.png,0
352.png,0
353.png,0
354.png,0
355.png,0
356.png,0
357.png,0
358.png,0
359.png,1
360.png,1
361.png,0
362.png,1
363.png,1
364.png,1
365.png,0
366.png,1
367.png,0
368.png,0
369.png,1
370.png,1
371.png,0
372.png,0
373.png,0
374.png,0
375.png,0
376.png,0
377.png,0
378.png,0
379.png,0
380.png,0
381.png,1
382.png,1
383.png,1
384.png,1
385.png,1
386.png,1
387.png,1
388.png,1
389.png,0
390.png,0
391.png,1
392.png,0
393.png,0
394.png,0
395.png,0
396.png,0
397.png,0
398.png,0
399.png,0
400.png,0
401.png,0
402.png,1
403.png,1
404.png,1
405.png,1
406.png,0
407.png,1
408.png,1
409.png,1
410.png,1
411.png,1
412.png,1
413.png,0
414.png,1
415.png,1
416.png,1
417.png,1
418.png,0
419.png,0
420.png,0
421.png,0
422.png,0
423.png,0
424.png,0
425.png,0
426.png,0
427.png,0
428.png,1
429.png,1
430.png,1
431.png,1
432.png,1
433.png,1
434.png,1
435.png,0
436.png,1
437.png,0
438.png,0
439.png,0
440.png,0
441.png,0
442.png,0
443.png,0
444.png,1
445.png,1
446.png,1
447.png,1
448.png,1
449.png,1
450.png,1
451.png,1
452.png,1
453.png,1
454.png,1
455.png,1
456.png,1
457.png,1
458.png,1
459.png,1
460.png,1
461.png,1
462.png,1
463.png,1
464.png,1
465.png,0
466.png,1
467.png,0
468.png,1
469.png,1
470.png,1
471.png,1
472.png,1
473.png,1
474.png,1
475.png,1
476.png,1
477.png,1
478.png,1
479.png,1
480.png,1
481.png,1
482.png,1
483.png,1
484.png,1
485.png,1
486.png,1
487.png,0
488.png,0
489.png,0
490.png,1
491.png,1
492.png,1
493.png,1
494.png,1
495.png,1
496.png,1
497.png,1
498.png,1
499.png,1
500.png,1
501.png,1
502.png,1
503.png,1
504.png,1
505.png,1
506.png,1
507.png,1
508.png,1
509.png,1
510.png,1
511.png,1
512.png,0
513.png,0
514.png,0
515.png,0
516.png,0
517.png,0
518.png,0
519.png,1
520.png,1
521.png,1
522.png,1
523.png,1
524.png,1
525.png,1
526.png,1
527.png,1
528.png,1
529.png,1
530.png,1
531.png,1
532.png,1
533.png,1
534.png,1
535.png,1
536.png,0
537.png,1
538.png,1
539.png,0
540.png,0
541.png,0
542.png,0
543.png,1
544.png,1
545.png,0
546.png,1
547.png,0
548.png,0
549.png,1
550.png,1
551.png,1
552.png,1
553.png,1
554.png,1
555.png,1
556.png,1
557.png,1
558.png,1
559.png,1
560.png,1
561.png,1
562.png,1
563.png,1
564.png,0
565.png,0
566.png,1
567.png,0
568.png,0
569.png,1
570.png,1
571.png,0
572.png,0
573.png,0
574.png,1
575.png,1
576.png,1
577.png,1
578.png,1
579.png,1
580.png,1
581.png,1
582.png,1
583.png,1
584.png,1
585.png,1
586.png,1
587.png,1
588.png,1
589.png,1
590.png,0
591.png,0
592.png,1
593.png,1
594.png,0
595.png,0
596.png,1
597.png,1
598.png,0
599.png,0
600.png,1
601.png,0
602.png,1
603.png,1
604.png,1
605.png,1
606.png,1
607.png,1
608.png,1
609.png,1
610.png,1
611.png,1
612.png,1
613.png,1
614.png,1
615.png,1
616.png,1
617.png,1
618.png,1
619.png,0
620.png,1
621.png,1
622.png,0
623.png,0
624.png,0
625.png,0
626.png,0
627.png,0
628.png,0
629.png,1
630.png,1
631.png,1
632.png,1
633.png,1
634.png,1
635.png,1
636.png,1
637.png,1
638.png,1
639.png,1
640.png,1
641.png,1
642.png,1
643.png,1
644.png,0
645.png,0
646.png,1
647.png,1
648.png,1
649.png,1
650.png,1
651.png,1
652.png,1
653.png,1
654.png,1
655.png,1
656.png,1
657.png,1
658.png,1
659.png,1
660.png,1
661.png,1
662.png,0
663.png,0
664.png,0
665.png,1
666.png,1
667.png,1
668.png,1
669.png,1
670.png,1
671.png,1
672.png,1
673.png,1
674.png,1
675.png,1
676.png,1
677.png,1
678.png,1
679.png,1
680.png,1
681.png,0
682.png,1
683.png,1
684.png,1
685.png,1
686.png,1
687.png,1
688.png,1
689.png,1
690.png,1
691.png,1
692.png,1
693.png,0
694.png,1
695.png,1
696.png,0
697.png,0
698.png,1
699.png,1
700.png,0
701.png,1
702.png,1
703.png,1
704.png,1
705.png,1
706.png,1
707.png,1
708.png,1
709.png,1
710.png,1
711.png,1
712.png,0
713.png,1
714.png,0
715.png,0
716.png,0
717.png,0
718.png,0
719.png,0
720.png,0
721.png,0
722.png,0
723.png,0
724.png,0
725.png,0
726.png,0
727.png,0
728.png,0
729.png,0
730.png,0
731.png,0
732.png,0
733.png,0
734.png,0
735.png,0
736.png,0
737.png,0
738.png,0
739.png,0
740.png,0
741.png,0
742.png,0
743.png,0
744.png,0
745.png,0
746.png,0
747.png,0
748.png,0
749.png,0
750.png,0
751.png,0
752.png,0
753.png,0
754.png,0
755.png,0
756.png,0
757.png,0
758.png,0
759.png,0
760.png,0
761.png,0
762.png,0
763.png,0
764.png,0
765.png,0
766.png,0
767.png,0
768.png,0
769.png,0
770.png,0
771.png,0
772.png,0
773.png,0
774.png,0
775.png,0
776.png,0
777.png,0
778.png,0
779.png,0
780.png,0
781.png,0
782.png,0
783.png,0
784.png,0
785.png,0
786.png,0
787.png,0
788.png,0
789.png,0
790.png,0
791.png,0
792.png,0
793.png,0
794.png,0
795.png,0
796.png,0
797.png,0
798.png,0
799.png,0
800.png,0
801.png,0
802.png,0
803.png,0
804.png,0
805.png,0
806.png,0
807.png,0
808.png,0
809.png,0
810.png,0
811.png,0
812.png,0
813.png,0
814.png,0
815.png,0
816.png,0
817.png,0
818.png,0
819.png,0
820.png,0
821.png,0
822.png,0
823.png,0
824.png,0
825.png,0
826.png,0
827.png,0
828.png,0
829.png,0
830.png,0
831.png,0
832.png,0
833.png,0
834.png,0
835.png,0
836.png,0
837.png,0
838.png,0
839.png,0
840.png,0
841.png,0
842.png,0
843.png,0
844.png,0
845.png,0
846.png,0
847.png,0
848.png,0
849.png,0
850.png,0
851.png,0
852.png,0
853.png,0
854.png,0
855.png,0
856.png,0
857.png,0
858.png,0
859.png,0
860.png,0
861.png,0
862.png,0
863.png,0
864.png,0
865.png,0
866.png,0
867.png,0
868.png,0
869.png,0
870.png,0
871.png,0
872.png,0
873.png,0
874.png,0
875.png,0
876.png,0
877.png,0
878.png,0
879.png,0
880.png,0
881.png,0
882.png,0
883.png,0
884.png,0
885.png,0
886.png,0
887.png,0
888.png,0
889.png,0
890.png,0
891.png,0
892.png,0
893.png,0
894.png,0
895.png,0
896.png,0
897.png,0
898.png,0
899.png,0
900.png,0
901.png,0
902.png,0
903.png,0
904.png,0
905.png,0
906.png,0
907.png,0
908.png,0
909.png,0
910.png,0
911.png,0
912.png,0
913.png,0
914.png,0
915.png,0
916.png,0
917.png,0
918.png,0
919.png,0
920.png,0
921.png,0
922.png,0
923.png,0
924.png,0
925.png,0
926.png,0
927.png,0
928.png,0
929.png,0
930.png,0
931.png,0
932.png,0
933.png,0
934.png,0
935.png,0
936.png,0
937.png,1
938.png,1
939.png,1
940.png,1
941.png,1
942.png,1
943.png,1
944.png,1
945.png,1
946.png,1
947.png,1
948.png,1
949.png,1
950.png,1
951.png,1
952.png,1
953.png,1
954.png,1
955.png,1
956.png,1
957.png,1
958.png,1
959.png,1
960.png,1
961.png,1
962.png,1
963.png,1
964.png,1
965.png,1
966.png,1
967.png,1
968.png,1
969.png,1
970.png,1
971.png,1
972.png,1
973.png,1
974.png,1
975.png,1
976.png,1
977.png,1
978.png,1
979.png,1
980.png,1
981.png,1
982.png,1
983.png,1
984.png,1
985.png,1
986.png,1
987.png,1
988.png,1
989.png,1
990.png,1
991.png,1
992.png,1
993.png,1
994.png,1
995.png,1
996.png,1
997.png,1
998.png,1
999.png,1
1000.png,1
1001.png,1
1002.png,1
1003.png,1
1004.png,1
1005.png,1
1006.png,1
1007.png,1
1008.png,1
1009.png,1
1010.png,1
1011.png,1
1012.png,1
1013.png,1
1014.png,1
1015.png,1
1016.png,1
1017.png,1
1018.png,1
1019.png,1
1020.png,1
1021.png,1
1022.png,1
1023.png,1
1024.png,1
1025.png,1
1026.png,1
1027.png,1
1028.png,1
1029.png,1
1030.png,1
1031.png,1
1032.png,1
1033.png,1
1034.png,1
1035.png,1
1036.png,1
1037.png,1
1038.png,1
1039.png,1
1040.png,1
1041.png,1
1042.png,1
1043.png,1
1044.png,1
1045.png,1
1046.png,1
1047.png,1
1048.png,1
1049.png,1
1050.png,1
1051.png,1
1052.png,1
1053.png,1
1054.png,1
1055.png,1
1056.png,1
1057.png,1
1058.png,1
1059.png,1
1060.png,1
1061.png,1
1062.png,1
1063.png,1
1064.png,1
1065.png,1
1066.png,1
1067.png,1
1068.png,1
1069.png,1
1070.png,1
1071.png,1
1072.png,1
1073.png,1
1074.png,1
1075.png,1
1076.png,1
1077.png,1
1078.png,1
1079.png,1
1080.png,1
1081.png,1
1082.png,1
1083.png,1
1084.png,1
1085.png,1
1086.png,1
1087.png,1
1088.png,1
1089.png,1
1090.png,1
1091.png,1
1092.png,1
1093.png,1
1094.png,1
1095.png,1
1096.png,1
1097.png,1
1098.png,1
1099.png,1
1100.png,1
1101.png,1
1102.png,1
1103.png,1
1104.png,1
1105.png,1
1106.png,1
1107.png,1
1108.png,1
1109.png,1
1110.png,1
1111.png,1
1112.png,1
1113.png,1
1114.png,1
1115.png,1
1116.png,1
1117.png,1
1118.png,1
1119.png,1
1120.png,1
1121.png,1
1122.png,1
1123.png,1
1124.png,1
1125.png,1
1126.png,1
1127.png,1
1128.png,1
1129.png,1
1130.png,1
1131.png,1
1132.png,1
1133.png,1
1134.png,1
1135.png,1
1136.png,1
1137.png,1
1138.png,1
1139.png,1
1140.png,1
1141.png,1
1142.png,1
1143.png,1
1144.png,1
1145.png,1
1146.png,1
1147.png,1
1148.png,1
1149.png,1
1150.png,1
1151.png,1
1152.png,1
1153.png,1
1154.png,1
1155.png,1
1156.png,1
1157.png,1
1158.png,1
1159.png,1
1160.png,1
1161.png,1
1162.png,1
1163.png,1
1164.png,1
1165.png,1
1166.png,1
1167.png,1
1168.png,1
1169.png,1
1170.png,1
1171.png,1
1172.png,1
1173.png,1
1174.png,1
1175.png,1
1176.png,1
1177.png,1
1178.png,1
1179.png,1
1180.png,1
1181.png,1
1182.png,1
1183.png,1
1184.png,1
1185.png,1
1186.png,1
1187.png,1
1188.png,1
1189.png,1
1190.png,1
1191.png,1
1192.png,1
1193.png,1
1194.png,1
1195.png,1
1196.png,1
1197.png,1
1198.png,1
1199.png,1
1200.png,1
1201.png,1
1202.png,1
1203.png,1
1204.png,1
1205.png,1
1206.png,1
1207.png,1
1208.png,1
1209.png,1
1210.png,1
1211.png,1
1212.png,1
1213.png,1
1214.png,1
1215.png,1
1216.png,1
1217.png,1
1218.png,1
1219.png,1
1220.png,1
1221.png,1
1222.png,1
1223.png,1
1224.png,1
1225.png,1
1226.png,1
1227.png,1
1228.png,1
1229.png,1
1230.png,1
1231.png,1
1232.png,1
1233.png,1
1234.png,1
1235.png,1
1236.png,1
1237.png,1
1238.png,1
1239.png,1
1240.png,1
1241.png,1
1242.png,1
1243.png,1
1244.png,1
1245.png,1
1246.png,1
1247.png,1
1248.png,1
1249.png,1
1250.png,1
1251.png,1
1252.png,1
1253.png,1
1254.png,1
1255.png,1
1256.png,1
1257.png,1
1258.png,1
1259.png,1
1260.png,1
1261.png,1
1262.png,1
1263.png,1
1264.png,1
1265.png,1
1266.png,1
1267.png,1
1268.png,1
1269.png,1
1270.png,1
1271.png,1
1272.png,1
1273.png,1
1274.png,1
1275.png,1
1276.png,1
1277.png,1
1278.png,1
1279.png,1
1280.png,1
1281.png,1
1282.png,1
1283.png,1
1284.png,1
1285.png,1
1286.png,1
1287.png,1
1288.png,1
1289.png,1
1290.png,1
1291.png,1
1292.png,1
1293.png,1
1294.png,1
1295.png,1
1296.png,1
1297.png,1
1298.png,1
1299.png,1
1300.png,1
1301.png,1
1302.png,1
1303.png,1
1304.png,1
1305.png,1
1306.png,1
1307.png,1
1308.png,1
1309.png,1
1310.png,1
1311.png,1
1312.png,1
1313.png,1
1314.png,1
1315.png,1
1316.png,1
1317.png,1
1318.png,1
1319.png,1
1320.png,1
1321.png,1
1322.png,1
1323.png,1
1324.png,1
1325.png,1
1326.png,1
1327.png,1
1328.png,1
1329.png,1
1330.png,1
1331.png,1
1332.png,1
1333.png,1
1334.png,1
1335.png,1
1336.png,1
1337.png,1
1338.png,1
1339.png,1
1340.png,1
1341.png,1
1342.png,1
1343.png,1
1344.png,1
1345.png,1
1346.png,1
1347.png,1
1348.png,1
1349.png,1
1350.png,1
1351.png,1
1352.png,1
1353.png,1
1354.png,1
1355.png,1
1356.png,1
1357.png,1
1358.png,1
1359.png,1
1360.png,1
1361.png,1
1362.png,1
1363.png,1
1364.png,1
1365.png,1
1366.png,1
1367.png,1
1368.png,1
1369.png,1
1370.png,1
1371.png,1
1372.png,1
1373.png,1
1374.png,1
1375.png,1
1376.png,1
1377.png,1
1378.png,1
1379.png,1
1380.png,1
1381.png,1
1382.png,1
1383.png,1
1384.png,1
1385.png,1
1386.png,1
1387.png,1
1388.png,1
1389.png,1
1390.png,1
1391.png,1
1392.png,1
1393.png,1
1394.png,1
1395.png,1
1396.png,1
1397.png,1
1398.png,1
1399.png,1
1400.png,1
1401.png,1
1402.png,1
1403.png,1
1404.png,1
1405.png,1
1406.png,1
1407.png,1
1408.png,1
1409.png,1
1410.png,1
1411.png,1
1412.png,1
1413.png,1
1414.png,1
1415.png,1
1416.png,1
1417.png,1
1418.png,1
1419.png,1
1420.png,1
1421.png,1
1422.png,1
1423.png,1
1424.png,1
1425.png,1
1426.png,1
1427.png,1
1428.png,1
1429.png,1
1430.png,1
1431.png,1
1432.png,1
1433.png,1
1434.png,1
1435.png,1
1436.png,1
1437.png,1
1438.png,1
1439.png,1
1440.png,1
1441.png,1
1442.png,1
1443.png,1
1444.png,1
1445.png,1
1446.png,1
1447.png,1
1448.png,1
1449.png,1
1450.png,1
1451.png,1
1452.png,1
1453.png,1
1454.png,1
1455.png,1
1456.png,1
1457.png,1
1458.png,1
1459.png,1
1460.png,1
1461.png,1
1462.png,1
1463.png,1
1464.png,1
1465.png,1
1466.png,1
1467.png,1
1468.png,1
1469.png,1
1470.png,1
1471.png,1
1472.png,1
1473.png,1
1474.png,1
1475.png,1
1476.png,1
1477.png,1
1478.png,1
1479.png,1
1480.png,1
1481.png,1
1482.png,1
1483.png,1
1484.png,1
1485.png,1
1486.png,1
1487.png,1
1488.png,1
1489.png,1
1490.png,1
1491.png,1
1492.png,1
1493.png,1
1494.png,1
1495.png,1
1496.png,1
1497.png,1
1498.png,1
1499.png,1
1500.png,1
1501.png,1
1502.png,1
1503.png,1
1504.png,1
1505.png,1
1506.png,1
1507.png,1
1508.png,1
1509.png,1
1510.png,1
1511.png,1
1512.png,1
1513.png,1
1514.png,1
1515.png,1
1516.png,1
1517.png,1
1518.png,1
1519.png,1
1520.png,1
1521.png,1
1522.png,1
1523.png,1
1524.png,1
1525.png,1
1526.png,1
1527.png,1
1528.png,1
1529.png,1
1530.png,1
1531.png,1
1532.png,1
1533.png,1
1534.png,1
1535.png,1
1536.png,1
1537.png,1
1538.png,1
1539.png,1
1540.png,1
1541.png,1
1542.png,1
1543.png,1
1544.png,1
1545.png,1
1546.png,1
1547.png,1
1548.png,1
1549.png,1
1550.png,1
1551.png,1
1552.png,1
1553.png,1
1554.png,1
1555.png,1
1556.png,1
1557.png,1
1558.png,1
1559.png,1
1560.png,1
1561.png,1
1562.png,1
1563.png,1
1564.png,1
1565.png,1
1566.png,1
1567.png,1
1568.png,1
1569.png,1
1570.png,1
1571.png,1
1572.png,1
1573.png,1
1574.png,1
1575.png,1
1576.png,1
1577.png,1
1578.png,1
1579.png,1
1580.png,1
1581.png,1
1582.png,1
1583.png,1
1584.png,1
1585.png,1
1586.png,1
1587.png,1
1588.png,1
1589.png,1
1590.png,1
1591.png,1
1592.png,1
1593.png,1
1594.png,1
1595.png,1
1596.png,1
1597.png,1
1598.png,1
1599.png,1
1600.png,1
1601.png,1
1602.png,1
1603.png,1
1604.png,1
1605.png,1
1606.png,1
1607.png,1
1608.png,1
1609.png,1
1610.png,1
1611.png,1
1612.png,1
1613.png,1
1614.png,1
1615.png,1
1616.png,1
1617.png,1
1618.png,1
1619.png,1
1620.png,1
1621.png,1
1622.png,1
1623.png,1
1624.png,1
1625.png,1
1626.png,1
1627.png,1
1628.png,1
1629.png,1
1630.png,1
1631.png,1
1632.png,1
1633.png,1
1634.png,1
1635.png,1
1636.png,1
1637.png,1
1638.png,1
1639.png,1
1640.png,1
1641.png,1
1642.png,1
1643.png,1
1644.png,1
1645.png,1
1646.png,1
1647.png,1
1648.png,1
1649.png,1
1650.png,1
1651.png,1
1652.png,1
1653.png,1
1654.png,1
1655.png,1
1656.png,1
1657.png,1
1658.png,1
1659.png,1
1660.png,1
1661.png,1
1662.png,1
1663.png,1
1664.png,1
1665.png,1
1666.png,1
1667.png,1
1668.png,1
1669.png,1
1670.png,1
1671.png,1
1672.png,1
1673.png,1
1674.png,1
1675.png,1
1676.png,1
1677.png,1
1678.png,1
1679.png,1
1680.png,1
1681.png,1
1682.png,1
1683.png,1
1684.png,1
1685.png,1
1686.png,1
1687.png,1
1688.png,1
1689.png,1
1690.png,1
1691.png,1
1692.png,1
1693.png,1
1694.png,1
1695.png,1
1696.png,1
1697.png,1
1698.png,1
1699.png,1
1700.png,1
1701.png,1
1702.png,1
1703.png,1
1704.png,1
1705.png,1
1706.png,1
1707.png,1
1708.png,1
1709.png,1
1710.png,1
1711.png,1
1712.png,1
1713.png,1
1714.png,1
1715.png,1
1716.png,1
1717.png,1
1718.png,1
1719.png,1
1720.png,1
1721.png,1
1722.png,1
1723.png,1
1724.png,1
1725.png,1
1726.png,1
1727.png,1
1728.png,1
1729.png,1
1730.png,1
1731.png,1
1732.png,1
1733.png,1
1734.png,1
1735.png,1
1736.png,1
1737.png,1
1738.png,1
1739.png,1
1740.png,1
1741.png,1
1742.png,1
1743.png,1
1744.png,1
1745.png,1
1746.png,1
1747.png,1
1748.png,1
1749.png,1
1750.png,1
1751.png,1
1752.png,1
1753.png,1
1754.png,1
1755.png,1
1756.png,1
1757.png,1
1758.png,1
1759.png,1
1760.png,1
1761.png,1
1762.png,1
1763.png,1
1764.png,1
1765.png,1
1766.png,1
1767.png,1
1768.png,1
1769.png,1
1770.png,1
1771.png,1
1772.png,1
1773.png,1
1774.png,1
1775.png,1
1776.png,1
1777.png,1
1778.png,1
1779.png,1
1780.png,1
1781.png,1
1782.png,1
1783.png,1
1784.png,1
1785.png,1
1786.png,1
1787.png,1
1788.png,1
1789.png,1
1790.png,1
1791.png,1
1792.png,1
1793.png,1
1794.png,1
1795.png,1
1796.png,1
1797.png,1
1798.png,1
1799.png,1
1800.png,1
1801.png,1
1802.png,1
1803.png,1
1804.png,1
1805.png,1
1806.png,1
1807.png,1
1808.png,1
1809.png,1
1810.png,1
1811.png,1
1812.png,1
1813.png,1
1814.png,1
1815.png,1
1816.png,1
1817.png,1
1818.png,1
1819.png,1
1820.png,1
1821.png,1
1822.png,1
1823.png,1
1824.png,1
1825.png,1
1826.png,1
1827.png,1
1828.png,1
1829.png,1
1830.png,1
1831.png,1
1832.png,1
1833.png,1
1834.png,1
1835.png,1
1836.png,1
1837.png,1
1838.png,1
1839.png,1
1840.png,1
1841.png,1
1842.png,1
1843.png,1
1844.png,1
1845.png,1
1846.png,1
1847.png,1
1848.png,1
1849.png,1
1850.png,1
1851.png,1
1852.png,1
1853.png,1
1854.png,1
1855.png,1
1856.png,1
1857.png,1
1858.png,1
1859.png,1
1860.png,1
1861.png,1
1862.png,1
1863.png,1
1864.png,1
1865.png,1
1866.png,1
1867.png,1
1868.png,1
1869.png,1
1870.png,1
1871.png,1
1872.png,1
1873.png,1
1874.png,1
1875.png,1
1876.png,1
1877.png,1
1878.png,1
1879.png,1
1880.png,1
1881.png,1
1882.png,1
1883.png,1
1884.png,1
1885.png,1
1886.png,1
1887.png,1
1888.png,1
1889.png,1
1890.png,1
1891.png,1
1892.png,1
1893.png,1
1894.png,1
1895.png,1
1896.png,1
1897.png,1
1898.png,1
1899.png,1
1900.png,1
1901.png,1
1902.png,1
1903.png,1
1904.png,1
1905.png,1
1906.png,1
1907.png,1
1908.png,1
1909.png,1
1910.png,1
1911.png,1
1912.png,1
1913.png,1
1914.png,1
1915.png,1
1916.png,1
1917.png,1
1918.png,1
1919.png,1
1920.png,1
1921.png,1
1922.png,1
1923.png,1
1924.png,1
1925.png,1
1926.png,1
1927.png,1
1928.png,1
1929.png,1
1930.png,1
1931.png,1
1932.png,1
1933.png,1
1934.png,1
1935.png,1
1936.png,1
1937.png,1
1938.png,1
1939.png,1
1940.png,1
1941.png,1
1942.png,1
1943.png,1
1944.png,1
1945.png,1
1946.png,1
1947.png,1
1948.png,1
1949.png,1
1950.png,1
1951.png,1
1952.png,1
1953.png,1
1954.png,1
1955.png,1
1956.png,1
1957.png,1
1958.png,1
1959.png,1
1960.png,1
1961.png,1
1962.png,1
1963.png,1
1964.png,1
1965.png,1
1966.png,1
1967.png,1
1968.png,1
1969.png,1
1970.png,1
1971.png,1
1972.png,1
1973.png,1
1974.png,1
1975.png,1
1976.png,1
1977.png,1
1978.png,1
1979.png,1
1980.png,1
1981.png,1
1982.png,1
1983.png,1
1984.png,1
1985.png,1
1986.png,1
1987.png,1
1988.png,1
1989.png,1
1990.png,1
1991.png,1
1992.png,1
1993.png,1
1994.png,1
1995.png,1
1996.png,1
1997.png,1
1998.png,1
1999.png,1
2000.png,1
2001.png,1
2002.png,1
2003.png,1
2004.png,1
2005.png,1
2006.png,1
2007.png,1
2008.png,1
2009.png,1
2010.png,1
2011.png,1
2012.png,1
2013.png,1
2014.png,1
2015.png,1
2016.png,1
2017.png,1
2018.png,1
2019.png,1
2020.png,1
2021.png,1
2022.png,1
2023.png,1
2024.png,1
2025.png,1
2026.png,1
2027.png,1
2028.png,1
2029.png,1
2030.png,1
2031.png,1
2032.png,1
2033.png,1
2034.png,1
2035.png,1
2036.png,1
2037.png,1
2038.png,1
2039.png,1
