original_smiles,intervened_smiles,intervention_strategy,original_molecule_idx,original_prediction,intervened_prediction,prediction_difference,abs_prediction_difference,original_probability,intervened_probability,probability_difference,original_logp,intervened_logp,logp_difference
C(C1(C(NC(=O)NC1=O)=O)C(C)C)C=C,[H]C(CC=C)(C(=O)NC=O)C(C)C,amide,993,0.8810766935348511,0.8806713819503784,-0.00040531158447265625,0.00040531158447265625,0.8810766935348511,0.8806713819503784,-0.00040531158447265625,0.5708999999999995,1.1073,0.5364000000000004
c1ccc2Oc3c(cc(cc3)Cl)[C@@H]3[C@@H](c2c1)C[N@](CC3)C,CN1CC[C@@H]2c3ccccc3Oc3ccccc3[C@H]2C1,aromatic_chloro,615,0.8754554390907288,0.8791608214378357,0.0037053823471069336,0.0037053823471069336,0.8754554390907288,0.8791608214378357,0.0037053823471069336,4.648600000000004,3.995200000000003,-0.6534000000000004
CCC1(C)CC(=O)NC1=O,[H]CC(C)(C=O)CC,amide,628,0.22153174877166748,0.8767639994621277,0.6552322506904602,0.6552322506904602,0.22153174877166748,0.8767639994621277,0.6552322506904602,0.4491999999999999,1.6215,1.1723000000000001
C[C@H]1CN(C[C@@H](C)N1)c2c(F)c(N)c3C(=O)C(=CN(C4CC4)c3c2F)C(O)=O,[H]c1cn(C2CC2)c2c(F)c(N3C[C@@H](C)N[C@@H](C)C3)c(F)c(N)c2c1=O,carboxylic_acid,627,0.2238190621137619,0.2213142365217209,-0.0025048255920410156,0.0025048255920410156,0.2238190621137619,0.2213142365217209,-0.0025048255920410156,2.0816,2.383400000000001,0.30180000000000096
C[C@H]1CN(C[C@@H](C)N1)c2c(F)c(N)c3C(=O)C(=CN(C4CC4)c3c2F)C(O)=O,C[C@@H]1CN(c2cc(N)c3c(=O)c(C(=O)O)cn(C4CC4)c3c2F)C[C@H](C)N1,fluoro_aromatic,627,0.22318708896636963,0.22288063168525696,-0.0003064572811126709,0.0003064572811126709,0.22318708896636963,0.22288063168525696,-0.0003064572811126709,2.0816,1.9425000000000001,-0.13909999999999978
CN1C(=O)c2c(cccc2Cl)n2cnc(c2C1)c1noc(n1)C(C)C,CC(C)c1nc(-c2ncn3c2CN(C)C(=O)c2ccccc2-3)no1,aromatic_chloro,93,0.21959960460662842,0.23066943883895874,0.011069834232330322,0.011069834232330322,0.21959960460662842,0.23066943883895874,0.011069834232330322,3.2847000000000017,2.6313000000000013,-0.6534000000000004
NC1=NC(=O)c2ncn(COC(CO)CO)c2N1,[H]C(CO)OCn1cnc2c(=O)nc(N)[nH]c21,hydroxyl,237,0.22185708582401276,0.2656523287296295,0.04379524290561676,0.04379524290561676,0.22185708582401276,0.2656523287296295,0.04379524290561676,-1.970899999999999,-1.3318000000000003,0.6390999999999987
C1=C(Cl)C=CC3=C1N(C2=C(C=CC=C2)S3)CCCN4CCN(CCOC(C)=O)CC4,CC(=O)OCCN1CCN(CCCN2c3ccccc3Sc3ccccc32)CC1,aromatic_chloro,1589,0.8817063570022583,0.8755971789360046,-0.006109178066253662,0.006109178066253662,0.8817063570022583,0.8755971789360046,-0.006109178066253662,4.513500000000004,3.8601000000000028,-0.6534000000000013
CCOC(=O)[C@H](CCc1ccccc1)N[C@@H](C)C(=O)N2CCC[C@H]2C(O)=O,[H]C1CCCN1C(=O)[C@H](C)N[C@@H](CCc1ccccc1)C(=O)OCC,carboxylic_acid,714,0.2197776734828949,0.7904684543609619,0.570690780878067,0.570690780878067,0.2197776734828949,0.7904684543609619,0.570690780878067,1.6046,2.1513999999999998,0.5467999999999997
CC(C(C(OC(N)=O)C)C)OC(N)=O,[H]OC(C)C(C)C(C)OC(N)=O,amide,1441,0.8802306056022644,0.8684202432632446,-0.011810362339019775,0.011810362339019775,0.8802306056022644,0.8684202432632446,-0.011810362339019775,0.5901,0.4871000000000002,-0.10299999999999976
C(NC(C(C)(C)C)=O)CCC(O)=O,[H]CCCNC(=O)C(C)(C)C,carboxylic_acid,1472,0.8800650835037231,0.2786790728569031,-0.6013860106468201,0.6013860106468201,0.8800650835037231,0.2786790728569031,-0.6013860106468201,1.0134999999999998,1.5587,0.5452000000000001
Cc1ccnc2N(C3CC3)c4ncccc4C(=O)Nc12,[H]c1cccnc1N(c1cc(C)ccn1)C1CC1,amide,332,0.8804685473442078,0.8794845342636108,-0.0009840130805969238,0.0009840130805969238,0.8804685473442078,0.8794845342636108,-0.0009840130805969238,2.6512200000000004,3.0855200000000016,0.43430000000000124
Cc1nnc2CN=C(c3ccccc3)c4cc(Cl)ccc4n12,Cc1nnc2n1-c1ccccc1C(c1ccccc1)=NC2,aromatic_chloro,268,0.8791750073432922,0.8802072405815125,0.0010322332382202148,0.0010322332382202148,0.8791750073432922,0.8802072405815125,0.0010322332382202148,3.5801200000000026,2.9267200000000013,-0.6534000000000013
C1=CC=CC=C1C2C(NC(=O)CO2)C,[H]COC(CC)c1ccccc1,amide,1217,0.8817055225372314,0.8793026804924011,-0.0024028420448303223,0.0024028420448303223,0.8817055225372314,0.8793026804924011,-0.0024028420448303223,1.2626,2.7841000000000014,1.5215000000000014
C1=CC(=CC2=C1N(C(CN=C2C3=CC=CC=C3)=O)C[P](C)(C)=O)Cl,CP(C)(=O)CN1C(=O)CN=C(c2ccccc2)c2ccccc21,aromatic_chloro,1257,0.8816308975219727,0.8750840425491333,-0.0065468549728393555,0.0065468549728393555,0.8816308975219727,0.8750840425491333,-0.0065468549728393555,4.104200000000003,3.450800000000002,-0.6534000000000013
CCCN(CCc1c2c(c(cc1)O)NC(=O)C2)CCC,[H]Cc1cc(O)ccc1CCN(CCC)CCC,amide,71,0.22379417717456818,0.8736000061035156,0.6498058289289474,0.6498058289289474,0.22379417717456818,0.8736000061035156,0.6498058289289474,2.5513000000000003,3.365120000000002,0.8138200000000015
CO/N=C(C(=O)N[C@H]1[C@H]2SCC(=C(N2C1=O)C(O)=O)COC(N)=O)/c3occc3,[H]C1=C(COC(N)=O)CS[C@@H]2[C@H](NC(=O)/C(=N\OC)c3ccco3)C(=O)N12,carboxylic_acid,74,0.2194575071334839,0.21946962177753448,1.2114644050598145e-05,1.2114644050598145e-05,0.2194575071334839,0.21946962177753448,1.2114644050598145e-05,-0.5359999999999983,0.00919999999999993,0.5451999999999981
C1=CC(=CC=C1C(C2=NCCN2)(C3=NC=CC=C3)O)Cl,OC(C1=NCCN1)(c1ccccc1)c1ccccn1,aromatic_chloro,1130,0.8817309141159058,0.8806771039962769,-0.0010538101196289062,0.0010538101196289062,0.8817309141159058,0.8806771039962769,-0.0010538101196289062,1.9725999999999995,1.3191999999999997,-0.6533999999999998
CN1C(=O)CN=C(c2ccccc2)c3cc(Cl)ccc13,CN1C(=O)CN=C(c2ccccc2)c2ccccc21,aromatic_chloro,576,0.8808838129043579,0.879530668258667,-0.001353144645690918,0.001353144645690918,0.8808838129043579,0.879530668258667,-0.001353144645690918,3.153800000000002,2.500400000000001,-0.6534000000000013
CCN1C=C(C(O)=O)C(=O)c2cc(F)c(N3CCNC(C)C3)c(F)c12,[H]c1cn(CC)c2c(F)c(N3CCNC(C)C3)c(F)cc2c1=O,carboxylic_acid,546,0.22092637419700623,0.8712388277053833,0.6503124535083771,0.6503124535083771,0.22092637419700623,0.8712388277053833,0.6503124535083771,1.7959,2.0976999999999997,0.3017999999999996
CCN1C=C(C(O)=O)C(=O)c2cc(F)c(N3CCNC(C)C3)c(F)c12,CCn1cc(C(=O)O)c(=O)c2ccc(N3CCNC(C)C3)c(F)c21,fluoro_aromatic,546,0.2211306244134903,0.22614704072475433,0.005016416311264038,0.005016416311264038,0.2211306244134903,0.22614704072475433,0.005016416311264038,1.7959,1.6568,-0.1391
CCN1C=C(C(O)=O)C(=O)c2cc(F)c(nc12)N3CCNCC3,[H]c1cn(CC)c2nc(N3CCNCC3)c(F)cc2c1=O,carboxylic_acid,487,0.22022292017936707,0.8707829117774963,0.6505599915981293,0.6505599915981293,0.22022292017936707,0.8707829117774963,0.6505599915981293,0.6633000000000002,0.9650999999999998,0.3017999999999996
CCN1C=C(C(O)=O)C(=O)c2cc(F)c(nc12)N3CCNCC3,CCn1cc(C(=O)O)c(=O)c2ccc(N3CCNCC3)nc21,fluoro_aromatic,487,0.22013026475906372,0.22995862364768982,0.009828358888626099,0.009828358888626099,0.22013026475906372,0.22995862364768982,0.009828358888626099,0.6633000000000002,0.5242,-0.13910000000000022
C2=C(C(C1=CC=CC=C1)(OCCN(C)C)C)C=CC(=C2)Cl,CN(C)CCOC(C)(c1ccccc1)c1ccccc1,aromatic_chloro,1729,0.8817190527915955,0.8804631233215332,-0.0012559294700622559,0.0012559294700622559,0.8817190527915955,0.8804631233215332,-0.0012559294700622559,4.181700000000004,3.5283000000000024,-0.6534000000000013
C1=NC2=C([N]1CCC(CO)CO)NC(=NC2=O)N,[H]C(CO)CCn1cnc2c(=O)nc(N)[nH]c21,hydroxyl,1937,0.8802098035812378,0.23623374104499817,-0.6439760625362396,0.6439760625362396,0.8802098035812378,0.23623374104499817,-0.6439760625362396,-1.307299999999999,-0.5257000000000003,0.7815999999999987
c1(ccc(c(c1)Cl)Cl)CC(N1[C@H](C[N@@]2C[C@@H](CC2)O)c2c(CC1)[nH]cn2)=O,O=C(Cc1cccc(Cl)c1)N1CCc2[nH]cnc2[C@H]1CN1CC[C@@H](O)C1,aromatic_chloro,618,0.22141554951667786,0.22206202149391174,0.0006464719772338867,0.0006464719772338867,0.22141554951667786,0.22206202149391174,0.0006464719772338867,2.4516,1.7981999999999998,-0.6534000000000002
c1ccc2Oc3c(cc(cc3)Cl)[C@@H]3[C@@H](c2c1)CNCC3,c1ccc2c(c1)Oc1ccccc1[C@H]1CNCC[C@H]21,aromatic_chloro,617,0.8729371428489685,0.8791577219963074,0.006220579147338867,0.006220579147338867,0.8729371428489685,0.8791577219963074,0.006220579147338867,4.306400000000003,3.6530000000000022,-0.6534000000000004
C1=CC=C(Cl)C3=C1\C(C2=CC=CC=C2C=C3)=C/CC[N+]([O-])(C)C,C[N+](C)([O-])CCC=C1c2ccccc2C=Cc2ccccc21,aromatic_chloro,1021,0.8816192746162415,0.8806165456771851,-0.0010027289390563965,0.0010027289390563965,0.8816192746162415,0.8806165456771851,-0.0010027289390563965,5.2198000000000055,4.566400000000005,-0.6534000000000004
C1=C(C(=C(C=C1)Cl)NC2=NCCO2)Cl,Clc1ccccc1NC1=NCCO1,aromatic_chloro,1087,0.8816408514976501,0.8804971575737,-0.0011436939239501953,0.0011436939239501953,0.8816408514976501,0.8804971575737,-0.0011436939239501953,2.7915,2.1380999999999997,-0.6534000000000004
Clc1cc2c(Oc3ccccc3C3CN(CC32)C)cc1,CN1CC2c3ccccc3Oc3ccccc3C2C1,aromatic_chloro,72,0.879736602306366,0.8797054290771484,-3.11732292175293e-05,3.11732292175293e-05,0.879736602306366,0.8797054290771484,-3.11732292175293e-05,4.258500000000004,3.605100000000002,-0.6534000000000022
C1=CC(=CC=C1CC(OC(C(C)N)=O)(C)C)Cl,CC(N)C(=O)OC(C)(C)Cc1ccccc1,aromatic_chloro,956,0.8815065026283264,0.8708410263061523,-0.010665476322174072,0.010665476322174072,0.8815065026283264,0.8708410263061523,-0.010665476322174072,2.5515000000000008,1.8981,-0.6534000000000009
C1=C(Cl)C=CC2=C1C(=NCC(N2CC(CO)O)=O)C3=CC=CC=C3F,O=C1CN=C(c2ccccc2F)c2ccccc2N1CC(O)CO,aromatic_chloro,1486,0.8815264105796814,0.5969791412353516,-0.28454726934432983,0.28454726934432983,0.8815264105796814,0.5969791412353516,-0.28454726934432983,2.0162999999999998,1.3629000000000002,-0.6533999999999995
C1=C(Cl)C=CC2=C1C(=NCC(N2CC(CO)O)=O)C3=CC=CC=C3F,O=C1CN=C(c2ccccc2)c2cc(Cl)ccc2N1CC(O)CO,fluoro_aromatic,1486,0.8816569447517395,0.22592227160930634,-0.6557346731424332,0.6557346731424332,0.8816569447517395,0.22592227160930634,-0.6557346731424332,2.0162999999999998,1.8771999999999998,-0.1391
[C@@H]3(C1=CC=C(Cl)C=C1)[C@H]2CC[C@@H](C2)C34CCC(=N4)N5CCOCC5,c1ccc([C@@H]2[C@H]3CC[C@@H](C3)C23CCC(N2CCOCC2)=N3)cc1,aromatic_chloro,1987,0.8817192316055298,0.8588162660598755,-0.022902965545654297,0.022902965545654297,0.8817192316055298,0.8588162660598755,-0.022902965545654297,4.116800000000003,3.463400000000002,-0.6534000000000013
CCC1(CC)C(=O)NCC(C)C1=O,[H]C(CC)(CC)C(=O)C(C)C,amide,690,0.2223624587059021,0.8805081248283386,0.6581456661224365,0.6581456661224365,0.2223624587059021,0.8805081248283386,0.6581456661224365,1.1278,2.6477000000000013,1.5199000000000014
CCC1(C(=O)NC(=O)NC1=O)c2ccccc2,[H]C(CC)(C(=O)NC=O)c1ccccc1,amide,139,0.2901557385921478,0.8804184198379517,0.5902626812458038,0.5902626812458038,0.2901557385921478,0.8804184198379517,0.5902626812458038,0.7003999999999997,1.4528000000000003,0.7524000000000006
C1=CC(=CC=C1CNC(C(C)C)CCCCCC(O)=O)F,[H]CCCCCC(NCc1ccc(F)cc1)C(C)C,carboxylic_acid,1653,0.8814945220947266,0.8606929779052734,-0.020801544189453125,0.020801544189453125,0.8814945220947266,0.8606929779052734,-0.020801544189453125,3.9750000000000023,4.5202000000000035,0.5452000000000012
C1=CC(=CC=C1CNC(C(C)C)CCCCCC(O)=O)F,CC(C)C(CCCCCC(=O)O)NCc1ccccc1,fluoro_aromatic,1653,0.881584882736206,0.8744292855262756,-0.00715559720993042,0.00715559720993042,0.881584882736206,0.8744292855262756,-0.00715559720993042,3.9750000000000023,3.8359000000000023,-0.1391
C1=C(Cl)C=CC(=C1N2CCN(CCCNC(C)=O)CC2)Cl,CC(=O)NCCCN1CCN(c2ccccc2Cl)CC1,aromatic_chloro,939,0.881679117679596,0.8789640665054321,-0.0027150511741638184,0.0027150511741638184,0.881679117679596,0.8789640665054321,-0.0027150511741638184,2.6416000000000004,1.9882,-0.6534000000000004
[C@@H]3(N(C1CCC1)C2CCC2)CC4=C(OC3)C(=CC=C4C(=O)N)F,NC(=O)c1cccc2c1C[C@@H](N(C1CCC1)C1CCC1)CO2,fluoro_aromatic,1518,0.8816918134689331,0.8804829120635986,-0.0012089014053344727,0.0012089014053344727,0.8816918134689331,0.8804829120635986,-0.0012089014053344727,2.6351000000000004,2.496,-0.13910000000000045
[C@@H]3(N(C1CCC1)C2CCC2)CC4=C(OC3)C(=CC=C4C(=O)N)F,[H]c1ccc(F)c2c1C[C@@H](N(C1CCC1)C1CCC1)CO2,amide,1518,0.8816988468170166,0.8812853693962097,-0.00041347742080688477,0.00041347742080688477,0.8816988468170166,0.8812853693962097,-0.00041347742080688477,2.6351000000000004,3.5362000000000027,0.9011000000000022
CCC(C)C1(CC)C(=O)NC(=O)NC1=O,[H]C(CC)(C(=O)NC=O)C(C)CC,amide,497,0.22048570215702057,0.880174994468689,0.6596892923116684,0.6596892923116684,0.22048570215702057,0.880174994468689,0.6596892923116684,0.7948999999999999,1.3313,0.5364
C1=CC=CC3=C1C(C2=C(C=CC=C2)C=C3)C(N)=O,[H]C1c2ccccc2C=Cc2ccccc21,amide,1743,0.8817299604415894,0.880837082862854,-0.0008928775787353516,0.0008928775787353516,0.8817299604415894,0.880837082862854,-0.0008928775787353516,2.7876000000000003,3.7612000000000023,0.973600000000002
[C@@H]12C4([C@@H](CCC1[C@H]3C(CC2=O)(C(CC3)C(=O)CO)C)C[C@H](O)CC4)C,[H]C(=O)C1CC[C@H]2C3CC[C@H]4C[C@H](O)CCC4(C)[C@H]3C(=O)CC12C,hydroxyl,959,0.8800936341285706,0.21979978680610657,-0.660293847322464,0.660293847322464,0.8800936341285706,0.21979978680610657,-0.660293847322464,2.746600000000001,3.384100000000002,0.6375000000000011
C1=C(C=CC3=C1N(CCCN2CCN(CC2)CCO)C4=C(S3)C=CC=C4)C(CC)=O,[H]CN1CCN(CCCN2c3ccccc3Sc3ccc(C(=O)CC)cc32)CC1,hydroxyl,1060,0.8815016746520996,0.8795106410980225,-0.0019910335540771484,0.0019910335540771484,0.8815016746520996,0.8795106410980225,-0.0019910335540771484,3.8820000000000032,4.519500000000004,0.6375000000000011
CC(=O)Oc1ccccc1C(O)=O,[H]c1ccccc1OC(C)=O,carboxylic_acid,98,0.297803670167923,0.8806267380714417,0.5828230679035187,0.5828230679035187,0.297803670167923,0.8806267380714417,0.5828230679035187,1.3101,1.6118999999999999,0.30179999999999985
C1=CC(=CC=C1N2[S](CCCC2)(=O)=O)[S](N)(=O)=O,[H]c1ccc(N2CCCCS2(=O)=O)cc1,sulfonamide,1555,0.881591796875,0.8290945887565613,-0.05249720811843872,0.05249720811843872,0.881591796875,0.8290945887565613,-0.05249720811843872,0.26400000000000035,1.6166,1.3525999999999998
c1(ccc(c(c1)Cl)Cl)CC(N1[C@H](C[C@]2(CC1)NC(NC2=O)=O)CN1CCCC1)=O,O=C1NC(=O)[C@@]2(CCN(C(=O)Cc3cccc(Cl)c3)[C@@H](CN3CCCC3)C2)N1,aromatic_chloro,597,0.3969433605670929,0.21974241733551025,-0.17720094323158264,0.17720094323158264,0.3969433605670929,0.21974241733551025,-0.17720094323158264,2.2009,1.5474999999999999,-0.6534
c1(ccc(c(c1)Cl)Cl)CC(N1[C@H](C[C@]2(CC1)NC(NC2=O)=O)CN1CCCC1)=O,[H]NC(=O)[C]1CCN(C(=O)Cc2ccc(Cl)c(Cl)c2)[C@@H](CN2CCCC2)C1,amide,597,0.39698195457458496,0.21986159682273865,-0.1771203577518463,0.1771203577518463,0.39698195457458496,0.21986159682273865,-0.1771203577518463,2.2009,2.6824900000000005,0.48159000000000063
C1=C(F)C=CC2=C1C3=C([NH]2)CCN(C3)CCCC4=CN=CC=C4,c1cncc(CCCN2CCc3[nH]c4ccccc4c3C2)c1,fluoro_aromatic,1270,0.8815747499465942,0.566203773021698,-0.31537097692489624,0.31537097692489624,0.8815747499465942,0.566203773021698,-0.31537097692489624,3.6929000000000025,3.5538000000000025,-0.1391
C1=CC=CC=C1C(C(OC2CC3[N+](C(C2)CC3)(C)[O-])=O)CO,[H]C(C(=O)OC1CC2CCC(C1)[N+]2(C)[O-])c1ccccc1,hydroxyl,999,0.8813864588737488,0.8472157120704651,-0.03417074680328369,0.03417074680328369,0.8813864588737488,0.8472157120704651,-0.03417074680328369,1.9434999999999998,2.410100000000001,0.466600000000001
Nc1nc(Cl)nc2n(cnc12)[C@H]3C[C@H](O)[C@@H](CO)O3,Nc1ncnc2c1ncn2[C@H]1C[C@H](O)[C@@H](CO)O1,aromatic_chloro,227,0.2203231155872345,0.21970874071121216,-0.0006143748760223389,0.0006143748760223389,0.2203231155872345,0.21970874071121216,-0.0006143748760223389,-0.29740000000000044,-0.9508000000000003,-0.6533999999999999
CN=C1CN(O)C(=C2C=C(Cl)C=CC2=N1)c3ccccc3,CN=C1CN(O)C(c2ccccc2)=c2ccccc2=N1,aromatic_chloro,522,0.8804411292076111,0.8721283078193665,-0.008312821388244629,0.008312821388244629,0.8804411292076111,0.8721283078193665,-0.008312821388244629,1.8492,1.1957999999999993,-0.6534000000000006
c1(ccc(c(c1)Cl)Cl)CC(N1[C@@H](c2c(CC1)occ2)C[N@@]1C[C@@H](CC1)O)=O,O=C(Cc1cccc(Cl)c1)N1CCc2occc2[C@H]1CN1CC[C@@H](O)C1,aromatic_chloro,510,0.8512277603149414,0.22128891944885254,-0.6299388408660889,0.6299388408660889,0.8512277603149414,0.22128891944885254,-0.6299388408660889,3.3215000000000026,2.6681000000000012,-0.6534000000000013
[C@H]12C([C@@](O)(CC1)C#C)(CC[C@H]3C2CCC4=CC5=C(CC34C)C=N[N]5C6=CC=C(F)C=C6)C,C#C[C@]1(O)CC[C@H]2C3CCC4=Cc5c(cnn5-c5ccccc5)CC4(C)[C@H]3CCC21C,fluoro_aromatic,1407,0.8811519742012024,0.219765767455101,-0.6613862067461014,0.6613862067461014,0.8811519742012024,0.219765767455101,-0.6613862067461014,5.557800000000006,5.418700000000005,-0.1391000000000009
COc1ccc(CCN2CCC(CC2)Nc3nc4ccccc4n3Cc5ccc(F)cc5)cc1,COc1ccc(CCN2CCC(Nc3nc4ccccc4n3Cc3ccccc3)CC2)cc1,fluoro_aromatic,123,0.22833159565925598,0.22346116602420807,-0.004870429635047913,0.004870429635047913,0.22833159565925598,0.22346116602420807,-0.004870429635047913,5.351300000000005,5.212200000000005,-0.1391
CN1CCN(CCCN2c3ccccc3Sc4ccc(Cl)cc24)CC1,CN1CCN(CCCN2c3ccccc3Sc3ccccc32)CC1,aromatic_chloro,37,0.8808859586715698,0.8807092905044556,-0.0001766681671142578,0.0001766681671142578,0.8808859586715698,0.8807092905044556,-0.0001766681671142578,4.580200000000004,3.9268000000000027,-0.6534000000000013
C1=CC=CC=C1C3(C(N(C(C2=CC=CC=C2)=O)C(=O)NC3=O)=O)CC,[H]N(C(=O)c1ccccc1)C(=O)C(C=O)(CC)c1ccccc1,amide,1692,0.8804033994674683,0.22208136320114136,-0.6583220362663269,0.6583220362663269,0.8804033994674683,0.22208136320114136,-0.6583220362663269,2.2532000000000005,2.4899000000000004,0.2366999999999999
OC(=O)C1=CN(C2CC2)c3cc(N4CCNCC4)c(F)cc3C1=O,[H]c1cn(C2CC2)c2cc(N3CCNCC3)c(F)cc2c1=O,carboxylic_acid,438,0.8460389971733093,0.8736868500709534,0.027647852897644043,0.027647852897644043,0.8460389971733093,0.8736868500709534,0.027647852897644043,1.5833,1.8851,0.30180000000000007
OC(=O)C1=CN(C2CC2)c3cc(N4CCNCC4)c(F)cc3C1=O,O=C(O)c1cn(C2CC2)c2cc(N3CCNCC3)ccc2c1=O,fluoro_aromatic,438,0.8451869487762451,0.25242480635643005,-0.5927621424198151,0.5927621424198151,0.8451869487762451,0.25242480635643005,-0.5927621424198151,1.5833,1.4442,-0.1391
C1=CC=CC(=C1N3CCN(CCCC(C2=CC=C(F)C=C2)=O)CC3)OC,COc1ccccc1N1CCN(CCCC(=O)c2ccccc2)CC1,fluoro_aromatic,1818,0.8817331194877625,0.8753881454467773,-0.006344974040985107,0.006344974040985107,0.8817331194877625,0.8753881454467773,-0.006344974040985107,3.6194000000000024,3.4803000000000024,-0.1391
CC1(C)S[C@@H]2[C@H](NC(=O)[C@H](NC(=O)N3CCN(C3=O)[S](C)(=O)=O)c4ccccc4)C(=O)N2[C@H]1C(O)=O,[H]C1N2C(=O)[C@@H](NC(=O)[C@H](NC(=O)N3CCN(S(C)(=O)=O)C3=O)c3ccccc3)[C@H]2SC1(C)C,carboxylic_acid,860,0.2195565104484558,0.21944908797740936,-0.00010742247104644775,0.00010742247104644775,0.2195565104484558,0.21944908797740936,-0.00010742247104644775,-0.23379999999999784,0.3130000000000015,0.5467999999999993
C1=CC=CC2=C1N(C(=O)N2)CCCN4CCC(C(C3=CC=C(F)C=C3)=O)CC4,O=C(c1ccccc1)C1CCN(CCCn2c(=O)[nH]c3ccccc32)CC1,fluoro_aromatic,1769,0.881629228591919,0.4514671266078949,-0.43016210198402405,0.43016210198402405,0.881629228591919,0.4514671266078949,-0.43016210198402405,3.453700000000002,3.314600000000002,-0.1391
CC(C)CO,[H]C(C)C,hydroxyl,385,0.8797429203987122,0.8809899091720581,0.0012469887733459473,0.0012469887733459473,0.8797429203987122,0.8809899091720581,0.0012469887733459473,0.6347,1.4163,0.7815999999999999
C(C(COC(N)=O)(C(CC)C)C)OC(NC(C)C)=O,[H]OCC(C)(COC(=O)NC(C)C)C(C)CC,amide,1404,0.8809495568275452,0.878035306930542,-0.002914249897003174,0.002914249897003174,0.8809495568275452,0.878035306930542,-0.002914249897003174,2.2687,2.1657,-0.10299999999999976
[C@H](CCCNC(C)=O)(C(O)=O)NC(C)=O,[H]C(CCCNC(C)=O)NC(C)=O,carboxylic_acid,1033,0.8755565285682678,0.8799958825111389,0.004439353942871094,0.004439353942871094,0.8755565285682678,0.8799958825111389,0.004439353942871094,-0.5079999999999989,0.03879999999999978,0.5467999999999986
C1=CC=CC(=C1C2=NCC(N(C3=C2C(=N[N]3C)C)C)=O)F,Cc1nn(C)c2c1C(c1ccccc1)=NCC(=O)N2C,fluoro_aromatic,1657,0.8817737102508545,0.8203083872795105,-0.061465322971343994,0.061465322971343994,0.8817737102508545,0.8203083872795105,-0.061465322971343994,1.68142,1.54232,-0.1391
c1cc2c(C(N[C@@H](CC)c3ccccc3)=O)c(c(c3ccccc3)nc2cc1)OCCCC(O)=O,[H]CCCOc1c(-c2ccccc2)nc2ccccc2c1C(=O)N[C@@H](CC)c1ccccc1,carboxylic_acid,622,0.2196284830570221,0.22032620012760162,0.0006977170705795288,0.0006977170705795288,0.2196284830570221,0.22032620012760162,0.0006977170705795288,6.026500000000007,6.571700000000007,0.5452000000000004
C1=CC=CC=C1C(C(OC2CC3N(C)C(C2)CC3)=O)CO,[H]C(C(=O)OC1CC2CCC(C1)N2C)c1ccccc1,hydroxyl,1686,0.8814474940299988,0.8656359314918518,-0.015811562538146973,0.015811562538146973,0.8814474940299988,0.8656359314918518,-0.015811562538146973,1.9308999999999998,2.397500000000001,0.466600000000001
c1c2c(cc(c1)Cl)[C@@H]1[C@H](c3ccccc3O2)CNC1,c1ccc2c(c1)Oc1ccccc1[C@@H]1CNC[C@H]21,aromatic_chloro,334,0.8798707127571106,0.8787150979042053,-0.0011556148529052734,0.0011556148529052734,0.8798707127571106,0.8787150979042053,-0.0011556148529052734,3.9163000000000032,3.262900000000001,-0.6534000000000022
C1=CC(=CC=C1N3CCN(CCC(NC(C2=CC=CN=C2)=O)C)CC3)F,CC(CCN1CCN(c2ccccc2)CC1)NC(=O)c1cccnc1,fluoro_aromatic,1397,0.8816724419593811,0.846743643283844,-0.03492879867553711,0.03492879867553711,0.8816724419593811,0.846743643283844,-0.03492879867553711,2.5513000000000003,2.4122000000000003,-0.1391
C1=CC=CC=C1C3(CCN(CCCC(C2=CC=C(F)C=C2)=O)CC3)CNC(C)=O,CC(=O)NCC1(c2ccccc2)CCN(CCCC(=O)c2ccccc2)CC1,fluoro_aromatic,944,0.8816149830818176,0.8303572535514832,-0.05125772953033447,0.05125772953033447,0.8816149830818176,0.8303572535514832,-0.05125772953033447,3.9585000000000026,3.8194000000000026,-0.1391
C1=CC=CC(=C1OC(C2=C(C=CC=C2)O)=O)C(O)=O,[H]c1ccccc1OC(=O)c1ccccc1O,carboxylic_acid,1531,0.8811503648757935,0.8795671463012695,-0.0015832185745239258,0.0015832185745239258,0.8811503648757935,0.8795671463012695,-0.0015832185745239258,2.3096,2.611400000000001,0.30180000000000096
Fc1ccc(cc1)C(CCCN2CCC(CC2)N3C(=O)Nc4cc(Cl)ccc34)c5ccc(F)cc5,O=c1[nH]c2ccccc2n1C1CCN(CCCC(c2ccc(F)cc2)c2ccc(F)cc2)CC1,aromatic_chloro,551,0.6481847167015076,0.7737265825271606,0.12554186582565308,0.12554186582565308,0.6481847167015076,0.7737265825271606,0.12554186582565308,6.510400000000006,5.8570000000000055,-0.6534000000000004
Fc1ccc(cc1)C(CCCN2CCC(CC2)N3C(=O)Nc4cc(Cl)ccc34)c5ccc(F)cc5,O=c1[nH]c2cc(Cl)ccc2n1C1CCN(CCCC(c2ccccc2)c2ccc(F)cc2)CC1,fluoro_aromatic,551,0.6417521238327026,0.48412978649139404,-0.1576223373413086,0.1576223373413086,0.6417521238327026,0.48412978649139404,-0.1576223373413086,6.510400000000006,6.371300000000006,-0.1391
C1=CC(=CC=C1C(CCCN2CC3N(CC2)CCC3)=O)F,O=C(CCCN1CCN2CCCC2C1)c1ccccc1,fluoro_aromatic,1003,0.8818042278289795,0.875052809715271,-0.006751418113708496,0.006751418113708496,0.8818042278289795,0.875052809715271,-0.006751418113708496,2.568600000000001,2.429500000000001,-0.1391
C1=NC2=C([N]1COCCO)NC(=NC2=O)N,[H]COCn1cnc2c(=O)nc(N)[nH]c21,hydroxyl,953,0.8814224004745483,0.30504176020622253,-0.5763806402683258,0.5763806402683258,0.8814224004745483,0.30504176020622253,-0.5763806402683258,-1.3317999999999997,-0.6943000000000001,0.6374999999999995
[C@@H](O)(/C=C/C1=C(C2=C([N]1C(C)C)C=CC=C2)C3=CC=C(F)C=C3)C[C@H](O)CC(=O)O,[H]C[C@@H](O)C[C@H](O)/C=C/c1c(-c2ccc(F)cc2)c2ccccc2n1C(C)C,carboxylic_acid,1252,0.8810160756111145,0.22126701474189758,-0.6597490608692169,0.6597490608692169,0.8810160756111145,0.22126701474189758,-0.6597490608692169,4.628100000000004,5.173300000000005,0.5452000000000004
[C@@H](O)(/C=C/C1=C(C2=C([N]1C(C)C)C=CC=C2)C3=CC=C(F)C=C3)C[C@H](O)CC(=O)O,CC(C)n1c(/C=C/[C@@H](O)C[C@H](O)CC(=O)O)c(-c2ccccc2)c2ccccc21,fluoro_aromatic,1252,0.8809273838996887,0.21955503523349762,-0.6613723486661911,0.6613723486661911,0.8809273838996887,0.21955503523349762,-0.6613723486661911,4.628100000000004,4.489000000000004,-0.1391
C3=C(C1=C([N]2C(=N1)C=CC(=C2)Cl)CC(N(CCC)CCC)=O)C=CC(=C3)Cl,CCCN(CCC)C(=O)Cc1c(-c2ccc(Cl)cc2)nc2ccccn12,aromatic_chloro,1672,0.8816964626312256,0.23454491794109344,-0.6471515446901321,0.6471515446901321,0.8816964626312256,0.23454491794109344,-0.6471515446901321,5.499200000000004,4.845800000000005,-0.6533999999999986
C1=C(Cl)C=CC5=C1N(CCCN4CCC3(N2C(CCCC2)NC3=O)CC4)C6=C(CC5)C=CC=C6,O=C1NC2CCCCN2C12CCN(CCCN1c3ccccc3CCc3ccccc31)CC2,aromatic_chloro,1378,0.8815345764160156,0.8791986703872681,-0.0023359060287475586,0.0023359060287475586,0.8815345764160156,0.8791986703872681,-0.0023359060287475586,4.743200000000004,4.089800000000003,-0.6534000000000013
C1=C(Cl)C=CC5=C1N(CCCN4CCC3(N2C(CCCC2)NC3=O)CC4)C6=C(CC5)C=CC=C6,[H]C1(N2CCCCC2)CCN(CCCN2c3ccccc3CCc3ccc(Cl)cc32)CC1,amide,1378,0.881492018699646,0.8810855746269226,-0.00040644407272338867,0.00040644407272338867,0.881492018699646,0.8810855746269226,-0.00040644407272338867,4.743200000000004,5.917100000000007,1.1739000000000024
N[S](=O)(=O)Cc1noc2ccccc12,[H]Cc1noc2ccccc12,sulfonamide,345,0.8544749021530151,0.880265474319458,0.02579057216644287,0.02579057216644287,0.8544749021530151,0.880265474319458,0.02579057216644287,0.6163,2.13622,1.51992
C(C1OC(C(C)C)(C(C)C)OC1)O,[H]C1COC(C(C)C)(C(C)C)O1,hydroxyl,1489,0.8814660310745239,0.8813295960426331,-0.00013643503189086914,0.00013643503189086914,0.8814660310745239,0.8813295960426331,-0.00013643503189086914,1.4023999999999999,2.0415,0.6391000000000002
C2=C(C(C1=CC=CC=C1)[S](CC(N)=O)=O)C=CC=C2,[H]CS(=O)C(c1ccccc1)c1ccccc1,amide,1374,0.8816503882408142,0.8798447847366333,-0.0018056035041809082,0.0018056035041809082,0.8816503882408142,0.8798447847366333,-0.0018056035041809082,2.01,3.1545000000000014,1.1445000000000016
C1=CC(=CC2=C1NC(=O)OC2(C)C)Br,[H]OC(C)(C)c1cccc(Br)c1,amide,1036,0.8816525936126709,0.874850869178772,-0.006801724433898926,0.006801724433898926,0.8816525936126709,0.874850869178772,-0.006801724433898926,3.2463000000000015,2.6765000000000008,-0.5698000000000008
Clc1cccc(c1)N2CCN(CCCN3N=C4C=CC=CN4C3=O)CC2,O=c1n(CCCN2CCN(c3ccccc3)CC2)nc2ccccn12,aromatic_chloro,222,0.8745402097702026,0.8787808418273926,0.004240632057189941,0.004240632057189941,0.8745402097702026,0.8787808418273926,0.004240632057189941,2.3617,1.7083,-0.6534
NC(=O)OCCCc1ccccc1,[H]OCCCc1ccccc1,amide,140,0.8780402541160583,0.8798264265060425,0.0017861723899841309,0.0017861723899841309,0.8780402541160583,0.8798264265060425,0.0017861723899841309,1.7145000000000001,1.6115,-0.1030000000000002
N1(c2c(Sc3c1cccc3)ccc(c2)Cl)CCCN,NCCCN1c2ccccc2Sc2ccccc21,aromatic_chloro,484,0.8804582357406616,0.8800987005233765,-0.00035953521728515625,0.00035953521728515625,0.8804582357406616,0.8800987005233765,-0.00035953521728515625,4.291500000000003,3.6381000000000014,-0.6534000000000013
CN1C(=O)C(O)N=C(c2ccccc2)c3cc(Cl)ccc13,CN1C(=O)C(O)N=C(c2ccccc2)c2ccccc21,aromatic_chloro,214,0.8779494166374207,0.7827311754226685,-0.0952182412147522,0.0952182412147522,0.8779494166374207,0.7827311754226685,-0.0952182412147522,2.4722,1.8187999999999995,-0.6534000000000004
C2=C(C1(C(N(C(NC1=O)=O)C)=O)CC)C=CC=C2,[H]N(C)C(=O)C(C=O)(CC)c1ccccc1,amide,1882,0.8816847801208496,0.8577479124069214,-0.023936867713928223,0.023936867713928223,0.8816847801208496,0.8577479124069214,-0.023936867713928223,1.0425999999999997,1.2792999999999997,0.2366999999999999
C3=C2N(C1=CC=CC=C1C=CC2=CC=C3)CCCN4C=CN(CC=C4)CCO,[H]CN1C=CN(CCCN2c3ccccc3C=Cc3ccccc32)C=CC1,hydroxyl,1279,0.8817555904388428,0.8809927701950073,-0.0007628202438354492,0.0007628202438354492,0.8817555904388428,0.8809927701950073,-0.0007628202438354492,4.2934000000000045,4.930900000000005,0.6375000000000002
C(C1(C(CCC)CC)C(NC(=O)NC1=O)=O)C,[H]C(CC)(C(=O)NC=O)C(CC)CCC,amide,1581,0.881397008895874,0.8805469274520874,-0.0008500814437866211,0.0008500814437866211,0.881397008895874,0.8805469274520874,-0.0008500814437866211,1.5751,2.1114999999999995,0.5363999999999995
C[C@](N)(Cc1ccc(O)c(O)c1)C(O)=O,[H][C@@](C)(N)Cc1ccc(O)c(O)c1,carboxylic_acid,306,0.2196420133113861,0.22010646760463715,0.0004644542932510376,0.0004644542932510376,0.2196420133113861,0.22010646760463715,0.0004644542932510376,0.4423000000000001,0.9874999999999998,0.5451999999999997
C3=C(C1=C([N]2C(=N1)C=CC=C2)CN(C(CCC)=O)C)C=CC(=C3)Cl,CCCC(=O)N(C)Cc1c(-c2ccccc2)nc2ccccn12,aromatic_chloro,1533,0.8817225694656372,0.8490137457847595,-0.032708823680877686,0.032708823680877686,0.8817225694656372,0.8490137457847595,-0.032708823680877686,4.413200000000004,3.759800000000003,-0.6534000000000013
CNCC[C@@H](O)[C@@H]1C[C@@H](CN1)SC2=C(N3[C@H]([C@H]2C)[C@@H]([C@@H](C)O)C3=O)C(O)=O,[H]C1=C(S[C@@H]2CN[C@H]([C@H](O)CCNC)C2)[C@H](C)[C@@H]2[C@@H]([C@@H](C)O)C(=O)N12,carboxylic_acid,845,0.21960368752479553,0.2193686068058014,-0.00023508071899414062,0.00023508071899414062,0.21960368752479553,0.2193686068058014,-0.00023508071899414062,-0.42579999999999735,0.11940000000000156,0.5451999999999989
C1=C(C=CC=C1NC(NC2=NC(=O)CN2C)=O)Cl,CN1CC(=O)N=C1NC(=O)Nc1ccccc1,aromatic_chloro,1218,0.8816117644309998,0.8764732480049133,-0.005138516426086426,0.005138516426086426,0.8816117644309998,0.8764732480049133,-0.005138516426086426,1.2895000000000003,0.6361,-0.6534000000000003
C1=C(Cl)C=CC2=C1C(=NCC(=N2)NOCC=C)C3=CC=CC=C3Cl,C=CCONC1=Nc2ccccc2C(c2ccccc2Cl)=NC1,aromatic_chloro,1634,0.8816709518432617,0.878222644329071,-0.003448307514190674,0.003448307514190674,0.8816709518432617,0.878222644329071,-0.003448307514190674,4.581600000000003,3.928200000000003,-0.6533999999999995
CC1(C)SC2C(NC(=O)C(N=C)c3ccccc3)C(=O)N2C1C(O)=O,[H]C1N2C(=O)C(NC(=O)C(N=C)c3ccccc3)C2SC1(C)C,carboxylic_acid,856,0.21946601569652557,0.22018352150917053,0.0007175058126449585,0.0007175058126449585,0.21946601569652557,0.22018352150917053,0.0007175058126449585,1.0599999999999998,1.6067999999999998,0.5468
C1=CC(=CC=C1C2[S](CCC(N2C)=O)(=O)=O)Cl,CN1C(=O)CCS(=O)(=O)C1c1ccccc1,aromatic_chloro,1071,0.8817395567893982,0.23221702873706818,-0.64952252805233,0.64952252805233,0.8817395567893982,0.23221702873706818,-0.64952252805233,1.6155,0.9621000000000002,-0.6533999999999998
C(C1(C(NC(=O)NC1=O)=O)CC=C)C(=C)Br,[H]C(CC=C)(CC(=C)Br)C(=O)NC=O,amide,1703,0.8811095356941223,0.8804147839546204,-0.0006947517395019531,0.0006947517395019531,0.8811095356941223,0.8804147839546204,-0.0006947517395019531,1.2135999999999998,1.7500000000000002,0.5364000000000004
C1=C(C(=CC=C1C#N)OC)C(NCCN3CCC(C(C2=CC=C(F)C=C2)=O)CC3)=O,COc1ccc(C#N)cc1C(=O)NCCN1CCC(C(=O)c2ccccc2)CC1,fluoro_aromatic,1961,0.8814527988433838,0.22334524989128113,-0.6581075489521027,0.6581075489521027,0.8814527988433838,0.22334524989128113,-0.6581075489521027,3.030680000000001,2.891580000000001,-0.1391
CN1C(CSCC(F)(F)F)Nc2cc(Cl)c(cc2[S]1(=O)=O)[S](N)(=O)=O,CN1C(CSCC(F)(F)F)Nc2ccc(S(N)(=O)=O)cc2S1(=O)=O,aromatic_chloro,371,0.22001267969608307,0.22014343738555908,0.00013075768947601318,0.00013075768947601318,0.22001267969608307,0.22014343738555908,0.00013075768947601318,1.655,1.0016000000000003,-0.6533999999999998
CN1C(CSCC(F)(F)F)Nc2cc(Cl)c(cc2[S]1(=O)=O)[S](N)(=O)=O,[H]c1cc2c(cc1Cl)NC(CSCC(F)(F)F)N(C)S2(=O)=O,sulfonamide,371,0.21992135047912598,0.2314978986978531,0.011576548218727112,0.011576548218727112,0.21992135047912598,0.2314978986978531,0.011576548218727112,1.655,3.007600000000001,1.352600000000001
C1=C(Cl)C=CC2=C1C(=NC(OC(N(C)C)=O)C(N2C)=O)C3=CC=CC=C3,CN(C)C(=O)OC1N=C(c2ccccc2)c2ccccc2N(C)C1=O,aromatic_chloro,1050,0.8813062906265259,0.2752155661582947,-0.6060907244682312,0.6060907244682312,0.8813062906265259,0.2752155661582947,-0.6060907244682312,3.1781000000000015,2.524700000000001,-0.6534000000000004
C4=C3C(N(C1=CC=C2C(=N1)N=C(Cl)C=C2)C(=O)C3=CC=C4)CC(CCC(C)C)=O,CC(C)CCC(=O)CC1c2ccccc2C(=O)N1c1ccc2cccnc2n1,aromatic_chloro,1430,0.8815915584564209,0.2205558717250824,-0.6610356867313385,0.6610356867313385,0.8815915584564209,0.2205558717250824,-0.6610356867313385,5.380100000000004,4.726700000000005,-0.6533999999999995
OC1C(N2CCC1)=NC(C)=C(CCN3CCC(CC3)c4c5ccc(F)cc5on4)C2=O,Cc1nc2n(c(=O)c1CCN1CCC(c3noc4ccccc34)CC1)CCCC2O,fluoro_aromatic,96,0.22490713000297546,0.22195126116275787,-0.0029558688402175903,0.0029558688402175903,0.22490713000297546,0.22195126116275787,-0.0029558688402175903,3.0813200000000016,2.9422200000000016,-0.1391
C3=C(N2CCN(CCCC(C1=CC=C(F)C=C1)=O)CC2)N=CC4=CC=CC=C34,O=C(CCCN1CCN(c2cc3ccccc3cn2)CC1)c1ccccc1,fluoro_aromatic,1741,0.881753146648407,0.646182119846344,-0.235571026802063,0.235571026802063,0.881753146648407,0.646182119846344,-0.235571026802063,4.159000000000004,4.019900000000003,-0.1391000000000009
C1NCCN(C1)c1ccc(c(n1)Cl)C(F)(F)F,FC(F)(F)c1ccc(N2CCNCC2)nc1,aromatic_chloro,333,0.8778111338615417,0.8802935481071472,0.0024824142456054688,0.0024824142456054688,0.8778111338615417,0.8802935481071472,0.0024824142456054688,2.1634,1.5099999999999998,-0.6534000000000004
Cc1onc(c2ccccc2)c1C(=O)N[C@H]3[C@H]4SC(C)(C)[C@@H](N4C3=O)C(O)=O,[H]C1N2C(=O)[C@@H](NC(=O)c3c(-c4ccccc4)noc3C)[C@H]2SC1(C)C,carboxylic_acid,144,0.21939106285572052,0.21965645253658295,0.00026538968086242676,0.00026538968086242676,0.21939106285572052,0.21965645253658295,0.00026538968086242676,1.8953199999999997,2.44212,0.5468000000000004
C1=C(Cl)C=CC2=C1C(N(CC(=O)N2C)C(N)=O)C3=CC=CC=C3,CN1C(=O)CN(C(N)=O)C(c2ccccc2)c2ccccc21,aromatic_chloro,1055,0.8817003965377808,0.7800602912902832,-0.10164010524749756,0.10164010524749756,0.8817003965377808,0.7800602912902832,-0.10164010524749756,2.786500000000001,2.1331000000000007,-0.6534000000000004
C1=C(Cl)C=CC2=C1C(N(CC(=O)N2C)C(N)=O)C3=CC=CC=C3,[H]N1CC(=O)N(C)c2ccc(Cl)cc2C1c1ccccc1,amide,1055,0.8816171884536743,0.8783046007156372,-0.0033125877380371094,0.0033125877380371094,0.8816171884536743,0.8783046007156372,-0.0033125877380371094,2.786500000000001,2.995400000000002,0.20890000000000075
CO[C@]1(NC(=O)C(C(O)=O)c2cscc2)[C@H]3SC(C)(C)[C@@H](N3C1=O)C(O)=O,[H]C(C(=O)N[C@]1(OC)C(=O)N2[C@@H](C(=O)O)C(C)(C)S[C@@H]21)c1ccsc1,carboxylic_acid,922,0.2194851189851761,0.21943122148513794,-5.389750003814697e-05,5.389750003814697e-05,0.2194851189851761,0.21943122148513794,-5.389750003814697e-05,0.5221000000000005,0.8963999999999999,0.3742999999999994
CCCCC[C@H](O)/C=C/[C@H]1[C@H](O)CC(=O)[C@@H]1CCCCCCC(O)=O,[H]CCCCCC[C@H]1C(=O)C[C@@H](O)[C@@H]1/C=C/[C@@H](O)CCCCC,carboxylic_acid,100,0.21970334649085999,0.21964582800865173,-5.751848220825195e-05,5.751848220825195e-05,0.21970334649085999,0.21964582800865173,-5.751848220825195e-05,3.475100000000002,4.020300000000003,0.5452000000000012
NC(=O)N1c2ccccc2C3OC3c4ccccc14,[H]N1c2ccccc2C2OC2c2ccccc21,amide,586,0.8806788921356201,0.8809979557991028,0.000319063663482666,0.000319063663482666,0.8806788921356201,0.8809979557991028,0.000319063663482666,3.0294000000000016,3.5562000000000014,0.5267999999999997
C1=CC=CC2=C1C4=C([NH]2)CN3CCN(CC3C4)CCCC(C5=CC=C(C=C5)F)=O,O=C(CCCN1CCN2Cc3[nH]c4ccccc4c3CC2C1)c1ccccc1,fluoro_aromatic,1031,0.8813421726226807,0.27483096718788147,-0.6065112054347992,0.6065112054347992,0.8813421726226807,0.27483096718788147,-0.6065112054347992,4.012400000000003,3.873300000000003,-0.1391
C1=CC=CC=C1N2C4(C(NC2)=O)CCN(CC\C=C(C3=CC=C(F)C=C3)\C)CC4,C/C(=C/CCN1CCC2(CC1)C(=O)NCN2c1ccccc1)c1ccccc1,fluoro_aromatic,1547,0.8816589713096619,0.22744040191173553,-0.6542185693979263,0.6542185693979263,0.8816589713096619,0.22744040191173553,-0.6542185693979263,4.047600000000004,3.9085000000000027,-0.1391000000000009
C1=CC=CC=C1N2C4(C(NC2)=O)CCN(CC\C=C(C3=CC=C(F)C=C3)\C)CC4,[H]C1(N(C)c2ccccc2)CCN(CC/C=C(/C)c2ccc(F)cc2)CC1,amide,1547,0.8816316723823547,0.8809853792190552,-0.0006462931632995605,0.0006462931632995605,0.8816316723823547,0.8809853792190552,-0.0006462931632995605,4.047600000000004,5.219900000000005,1.1723000000000017
C1=CC(=CC3=C1\C(C2=CC=CC=C2N3)=C/CN(CC)CC)Cl,CCN(CC)CC=C1c2ccccc2Nc2ccccc21,aromatic_chloro,1174,0.8816953897476196,0.8807176351547241,-0.0009777545928955078,0.0009777545928955078,0.8816953897476196,0.8807176351547241,-0.0009777545928955078,5.170500000000004,4.517100000000004,-0.6534000000000004
COc1ccc2n(c(C)c(CC(O)=O)c2c1)C(=O)c3ccc(Cl)cc3,COc1ccc2c(c1)c(CC(=O)O)c(C)n2C(=O)c1ccccc1,aromatic_chloro,263,0.22023847699165344,0.22205054759979248,0.001812070608139038,0.001812070608139038,0.22023847699165344,0.22205054759979248,0.001812070608139038,3.9273200000000026,3.2739200000000013,-0.6534000000000013
COc1ccc2n(c(C)c(CC(O)=O)c2c1)C(=O)c3ccc(Cl)cc3,[H]Cc1c(C)n(C(=O)c2ccc(Cl)cc2)c2ccc(OC)cc12,carboxylic_acid,263,0.22017908096313477,0.8688834309577942,0.6487043499946594,0.6487043499946594,0.22017908096313477,0.8688834309577942,0.6487043499946594,3.9273200000000026,4.608640000000004,0.6813200000000013
C1=CC=CC=C1/C=C/C2C(NC(O2)(C)C)=O,[H]C(/C=C/c1ccccc1)OC(C)C,amide,1892,0.8816699981689453,0.8800097703933716,-0.0016602277755737305,0.0016602277755737305,0.8816699981689453,0.8800097703933716,-0.0016602277755737305,1.9509,3.1248000000000022,1.1739000000000022
C1=CC(=CC3=C1C(C2=CC(=C(Cl)C=C2)Cl)CN(C)C3)OC,COc1ccc2c(c1)CN(C)CC2c1ccc(Cl)cc1,aromatic_chloro,1787,0.881733775138855,0.47696512937545776,-0.4047686457633972,0.4047686457633972,0.881733775138855,0.47696512937545776,-0.4047686457633972,4.579300000000004,3.925900000000004,-0.6534000000000004
OC[C@H]1O[C@H](C[C@@H]1O)n2cnc3[C@H](O)CN=CNc23,[H]C1O[C@@H](n2cnc3c2NC=NC[C@H]3O)C[C@@H]1O,hydroxyl,145,0.8795644044876099,0.8734260201454163,-0.0061383843421936035,0.0061383843421936035,0.8795644044876099,0.8734260201454163,-0.0061383843421936035,-0.9890000000000005,-0.34990000000000004,0.6391000000000004
C1=CC(=CC4=C1N(C3CCN(CCNC(C2=CC=C(F)C=C2)=O)CC3)C(N4)=O)Cl,O=C(NCCN1CCC(n2c(=O)[nH]c3ccccc32)CC1)c1ccc(F)cc1,aromatic_chloro,1274,0.8815518617630005,0.22757911682128906,-0.6539727449417114,0.6539727449417114,0.8815518617630005,0.22757911682128906,-0.6539727449417114,3.189000000000001,2.5355999999999996,-0.6534000000000013
C1=CC(=CC4=C1N(C3CCN(CCNC(C2=CC=C(F)C=C2)=O)CC3)C(N4)=O)Cl,O=C(NCCN1CCC(n2c(=O)[nH]c3cc(Cl)ccc32)CC1)c1ccccc1,fluoro_aromatic,1274,0.8815463185310364,0.23114480078220367,-0.6504015177488327,0.6504015177488327,0.8815463185310364,0.23114480078220367,-0.6504015177488327,3.189000000000001,3.049900000000001,-0.1391
CSC1=C(N=C(N=C1N2CCN(C)CC2)NC(C)C)Cl,CSc1cnc(NC(C)C)nc1N1CCN(C)CC1,aromatic_chloro,1302,0.2243546098470688,0.8237017393112183,0.5993471294641495,0.5993471294641495,0.2243546098470688,0.8237017393112183,0.5993471294641495,2.4240000000000004,1.7705999999999995,-0.6534000000000009
C1C(Nc2c1c(ccc2)CCN(CCC)CCC)=O,[H]Cc1ccccc1CCN(CCC)CCC,amide,529,0.8812857270240784,0.8807637691497803,-0.0005219578742980957,0.0005219578742980957,0.8812857270240784,0.8807637691497803,-0.0005219578742980957,2.8457000000000017,3.659520000000003,0.8138200000000015
C1=CC(=CC=C1N2C4(C(NC2)=O)CCN(CCCC(C3=CC=C(F)C=C3)=O)CC4)F,O=C(CCCN1CCC2(CC1)C(=O)NCN2c1ccccc1)c1ccc(F)cc1,fluoro_aromatic,1838,0.8815302848815918,0.4151565432548523,-0.4663737416267395,0.4663737416267395,0.8815302848815918,0.4151565432548523,-0.4663737416267395,3.356200000000002,3.217100000000001,-0.1391000000000009
C1=CC(=CC=C1N2C4(C(NC2)=O)CCN(CCCC(C3=CC=C(F)C=C3)=O)CC4)F,[H]C1(N(C)c2ccc(F)cc2)CCN(CCCC(=O)c2ccc(F)cc2)CC1,amide,1838,0.8816612958908081,0.8803013563156128,-0.0013599395751953125,0.0013599395751953125,0.8816612958908081,0.8803013563156128,-0.0013599395751953125,3.356200000000002,4.528500000000005,1.1723000000000026
C(C1(C(NC(=O)NC1=O)=O)C(=C/CC)/C)C,[H]C(CC)(C(=O)NC=O)/C(C)=C/CC,amide,2025,0.8807502388954163,0.8800640106201172,-0.0006862282752990723,0.0006862282752990723,0.8807502388954163,0.8800640106201172,-0.0006862282752990723,1.1050999999999993,1.6415,0.5364000000000007
C1=C4C(=C2C(=C1F)SC=C2C)C3=C(CCN(C3)CC)[NH]4,CCN1CCc2[nH]c3ccc4scc(C)c4c3c2C1,fluoro_aromatic,2002,0.881607174873352,0.5735009908676147,-0.3081061840057373,0.3081061840057373,0.881607174873352,0.5735009908676147,-0.3081061840057373,4.208120000000003,4.069020000000004,-0.1390999999999991
CN(C)CCCN1c2ccccc2Sc3ccc(Cl)cc13,CN(C)CCCN1c2ccccc2Sc2ccccc21,aromatic_chloro,523,0.8808522820472717,0.8808635473251343,1.1265277862548828e-05,1.1265277862548828e-05,0.8808522820472717,0.8808635473251343,1.1265277862548828e-05,4.894400000000004,4.241000000000003,-0.6534000000000004
CC(C)(Oc1ccc(Cl)cc1)C(O)=O,CC(C)(Oc1ccccc1)C(=O)O,aromatic_chloro,153,0.38168689608573914,0.8791062831878662,0.4974193871021271,0.4974193871021271,0.38168689608573914,0.8791062831878662,0.4974193871021271,2.582,1.9286,-0.6533999999999998
CC(C)(Oc1ccc(Cl)cc1)C(O)=O,[H]C(C)(C)Oc1ccc(Cl)cc1,carboxylic_acid,153,0.38210201263427734,0.8790453672409058,0.4969433546066284,0.4969433546066284,0.38210201263427734,0.8790453672409058,0.4969433546066284,2.582,3.127200000000002,0.5452000000000021
C1=C(C(F)(F)F)C=CC3=C1C(C2=C(C=C(F)C=C2)S3)CCCN4CCN(CCO)CC4,OCCN1CCN(CCCC2c3ccccc3Sc3ccc(C(F)(F)F)cc32)CC1,fluoro_aromatic,1577,0.881571888923645,0.8751577734947205,-0.0064141154289245605,0.0064141154289245605,0.881571888923645,0.8751577734947205,-0.0064141154289245605,4.831100000000006,4.692000000000006,-0.1391
C1=C(C(F)(F)F)C=CC3=C1C(C2=C(C=C(F)C=C2)S3)CCCN4CCN(CCO)CC4,[H]CN1CCN(CCCC2c3ccc(F)cc3Sc3ccc(C(F)(F)F)cc32)CC1,hydroxyl,1577,0.8815721869468689,0.8782519102096558,-0.0033202767372131348,0.0033202767372131348,0.8815721869468689,0.8782519102096558,-0.0033202767372131348,4.831100000000006,5.468600000000006,0.6374999999999993
C1=C(Cl)C=CC4=C1N(CCCN3CCC(N2CCCCC2)(CC3)C(N)=O)C5=C(CC4)C=CC=C5,NC(=O)C1(N2CCCCC2)CCN(CCCN2c3ccccc3CCc3ccccc32)CC1,aromatic_chloro,1090,0.8817272186279297,0.8641474843025208,-0.017579734325408936,0.017579734325408936,0.8817272186279297,0.8641474843025208,-0.017579734325408936,4.772600000000004,4.119200000000002,-0.6534000000000022
C1=C(Cl)C=CC4=C1N(CCCN3CCC(N2CCCCC2)(CC3)C(N)=O)C5=C(CC4)C=CC=C5,[H]C1(N2CCCCC2)CCN(CCCN2c3ccccc3CCc3ccc(Cl)cc32)CC1,amide,1090,0.8816477656364441,0.8809220194816589,-0.0007257461547851562,0.0007257461547851562,0.8816477656364441,0.8809220194816589,-0.0007257461547851562,4.772600000000004,5.917100000000007,1.1445000000000025
C(C(C1(CCC2C4C(C(CC12C)O)(F)C3(C=CC(C=C3CC4)=O)C)O)=O)O,[H]C(=O)C1(O)CCC2C3CCC4=CC(=O)C=CC4(C)C3(F)C(O)CC21C,hydroxyl,1305,0.8782398700714111,0.21963435411453247,-0.6586055159568787,0.6586055159568787,0.8782398700714111,0.21963435411453247,-0.6586055159568787,1.6496999999999993,2.287200000000001,0.6375000000000015
Nc1nnc(c(N)n1)c2cccc(Cl)c2Cl,Nc1nnc(-c2ccccc2Cl)c(N)n1,aromatic_chloro,19,0.22600418329238892,0.2203149050474167,-0.005689278244972229,0.005689278244972229,0.22600418329238892,0.2203149050474167,-0.005689278244972229,2.0097999999999994,1.3563999999999998,-0.6533999999999995
OC(Cn1cncn1)(Cn2cncn2)c3ccc(F)cc3F,OC(Cn1cncn1)(Cn1cncn1)c1ccccc1F,fluoro_aromatic,117,0.43187451362609863,0.31684064865112305,-0.11503386497497559,0.11503386497497559,0.43187451362609863,0.31684064865112305,-0.11503386497497559,0.7357999999999993,0.5966999999999991,-0.13910000000000022
CC1=C(N2[C@H](SC1)[C@H](NC(=O)[C@H](N)c3ccc(O)c(Cl)c3)C2=O)C(O)=O,CC1=C(C(=O)O)N2C(=O)[C@@H](NC(=O)[C@H](N)c3ccc(O)cc3)[C@H]2SC1,aromatic_chloro,757,0.2197359949350357,0.2194209098815918,-0.0003150850534439087,0.0003150850534439087,0.2197359949350357,0.2194209098815918,-0.0003150850534439087,0.8038999999999996,0.15049999999999925,-0.6534000000000004
CC1=C(N2[C@H](SC1)[C@H](NC(=O)[C@H](N)c3ccc(O)c(Cl)c3)C2=O)C(O)=O,[H]C1=C(C)CS[C@@H]2[C@H](NC(=O)[C@H](N)c3ccc(O)c(Cl)c3)C(=O)N12,carboxylic_acid,757,0.21961095929145813,0.21941062808036804,-0.0002003312110900879,0.0002003312110900879,0.21961095929145813,0.21941062808036804,-0.0002003312110900879,0.8038999999999996,1.3490999999999993,0.5451999999999997
CCC#CC(C)C1(CC=C)C(=O)NC(=O)N(C)C1=O,[H]C(CC=C)(C(=O)N(C)C=O)C(C)C#CCC,amide,480,0.22433219850063324,0.8804872632026672,0.656155064702034,0.656155064702034,0.22433219850063324,0.8804872632026672,0.656155064702034,1.3066,1.843,0.5364
C3=C(C(NC1C2CCN(C1)CC2)=O)C(=CC(=C3Cl)N)OCC4CC4,Nc1ccc(C(=O)NC2CN3CCC2CC3)c(OCC2CC2)c1,aromatic_chloro,1433,0.8810296058654785,0.24004805088043213,-0.6409815549850464,0.6409815549850464,0.8810296058654785,0.24004805088043213,-0.6409815549850464,2.535,1.8815999999999993,-0.6534000000000009
OC1(CCN(CCCC(=O)c2ccc(F)cc2)CC1)c3ccc(Br)cc3,O=C(CCCN1CCC(O)(c2ccc(Br)cc2)CC1)c1ccccc1,fluoro_aromatic,408,0.8779485821723938,0.22519366443157196,-0.6527549177408218,0.6527549177408218,0.8779485821723938,0.22519366443157196,-0.6527549177408218,4.534700000000004,4.3956000000000035,-0.1391000000000009
C2=C(C1(OCCN(CC)CC)CCCCC1)C=CC(=C2)Cl,CCN(CC)CCOC1(c2ccccc2)CCCCC1,aromatic_chloro,1095,0.8817364573478699,0.8807474970817566,-0.0009889602661132812,0.0009889602661132812,0.8817364573478699,0.8807474970817566,-0.0009889602661132812,4.8578000000000054,4.204400000000003,-0.6534000000000022
C1=CC=CC(=C1N3CCN(CCC2=C[N](C)N=C2)CC3)Cl,Cn1cc(CCN2CCN(c3ccccc3)CC2)cn1,aromatic_chloro,1804,0.8815648555755615,0.862502932548523,-0.019061923027038574,0.019061923027038574,0.8815648555755615,0.862502932548523,-0.019061923027038574,2.4382,1.7847999999999997,-0.6534000000000004
C(C1(C(C(=CNC1=O)C)=O)CC)C,[H]C(CC)(CC)C(=O)C(=C)C,amide,1194,0.8814353346824646,0.880982518196106,-0.0004528164863586426,0.0004528164863586426,0.8814353346824646,0.880982518196106,-0.0004528164863586426,1.3955,2.567800000000001,1.172300000000001
C(C1(CC(NC(C1)=O)=O)C)C,[H]CC(C)(CC)CC=O,amide,1016,0.8813813924789429,0.8801757097244263,-0.0012056827545166016,0.0012056827545166016,0.8813813924789429,0.8801757097244263,-0.0012056827545166016,0.8392999999999999,2.0116,1.1723000000000001
C(C1(C(NC(=O)NC1=O)=O)CCCC)COC(N)=O,[H]C(CCCC)(CCOC(N)=O)C(=O)NC=O,amide,1054,0.8803516030311584,0.8786128759384155,-0.00173872709274292,0.00173872709274292,0.8803516030311584,0.8786128759384155,-0.00173872709274292,0.014399999999999635,0.5508000000000003,0.5364000000000007
C2=C(C1(C(N(CC(COCCCC)OC(N)=O)C(=O)NC1=O)=O)CC)C=CC=C2,[H]OC(COCCCC)CN1C(=O)NC(=O)C(CC)(c2ccccc2)C1=O,amide,1207,0.8803799748420715,0.21951615810394287,-0.6608638167381287,0.6608638167381287,0.8803799748420715,0.21951615810394287,-0.6608638167381287,1.6934000000000005,1.5903999999999994,-0.10300000000000109
C(C1(C(NC(=S)NC1=O)=O)C(CCC)C)CSC,[H]C(CCSC)(C(=O)NC=S)C(C)CCC,amide,1352,0.8803245425224304,0.8799350261688232,-0.00038951635360717773,0.00038951635360717773,0.8803245425224304,0.8799350261688232,-0.00038951635360717773,1.6929999999999996,2.8653000000000013,1.1723000000000017
C1=C(Br)C=CC3=C1C2(N(CCO2)CC(=O)N3)C4=C(C=CC=C4)F,O=C1CN2CCOC2(c2ccccc2)c2cc(Br)ccc2N1,fluoro_aromatic,1277,0.881662905216217,0.8757007718086243,-0.0059621334075927734,0.0059621334075927734,0.881662905216217,0.8757007718086243,-0.0059621334075927734,3.0736000000000008,2.9345000000000008,-0.1391
C1=C(Br)C=CC3=C1C2(N(CCO2)CC(=O)N3)C4=C(C=CC=C4)F,[H]CN1CCOC1(c1cccc(Br)c1)c1ccccc1F,amide,1277,0.8817197680473328,0.8785738945007324,-0.003145873546600342,0.003145873546600342,0.8817197680473328,0.8785738945007324,-0.003145873546600342,3.0736000000000008,3.7513000000000023,0.6777000000000015
C3=C(N(C2CCN(CCC1=CC=CC=C1)CC2)C(COC)=O)C(=CC=C3)F,COCC(=O)N(c1ccccc1)C1CCN(CCc2ccccc2)CC1,fluoro_aromatic,1922,0.8817228674888611,0.8752776980400085,-0.006445169448852539,0.006445169448852539,0.8817228674888611,0.8752776980400085,-0.006445169448852539,3.5122000000000027,3.3731000000000027,-0.1391
C3=C(N2CCN(CCCC(C1=CC=C(F)C=C1)O)CC2)C(=CC=C3)OC,COc1ccccc1N1CCN(CCCC(O)c2ccccc2)CC1,fluoro_aromatic,1681,0.8815692067146301,0.8235167264938354,-0.05805248022079468,0.05805248022079468,0.8815692067146301,0.8235167264938354,-0.05805248022079468,3.470100000000002,3.331000000000002,-0.1391
[C@@H](/C=C/C1=C(N=C(C(=C1C2=CC=C(C=C2)F)COC)C(C)C)C(C)C)(C[C@H](CC(O)=O)O)O,[H]C[C@H](O)C[C@H](O)/C=C/c1c(C(C)C)nc(C(C)C)c(COC)c1-c1ccc(F)cc1,carboxylic_acid,1065,0.8802399039268494,0.22077886760234833,-0.659461036324501,0.659461036324501,0.8802399039268494,0.22077886760234833,-0.659461036324501,4.880700000000005,5.425900000000007,0.5452000000000012
[C@@H](/C=C/C1=C(N=C(C(=C1C2=CC=C(C=C2)F)COC)C(C)C)C(C)C)(C[C@H](CC(O)=O)O)O,COCc1c(C(C)C)nc(C(C)C)c(/C=C/[C@@H](O)C[C@@H](O)CC(=O)O)c1-c1ccccc1,fluoro_aromatic,1065,0.8803574442863464,0.21978060901165009,-0.6605768352746964,0.6605768352746964,0.8803574442863464,0.21978060901165009,-0.6605768352746964,4.880700000000005,4.741600000000005,-0.1391
C1=C(Cl)C=CC3=C1C(C2=C(C=CC=C2)N3)CCCN(C)C,CN(C)CCCC1c2ccccc2Nc2ccccc21,aromatic_chloro,1750,0.8817374110221863,0.8807248473167419,-0.001012563705444336,0.001012563705444336,0.8817374110221863,0.8807248473167419,-0.001012563705444336,4.870700000000005,4.217300000000003,-0.6534000000000013
NC(=O)OC1(CCCCC1)C#C,[H]OC1(C#C)CCCCC1,amide,610,0.8812875747680664,0.881335437297821,4.786252975463867e-05,4.786252975463867e-05,0.8812875747680664,0.881335437297821,4.786252975463867e-05,1.4178,1.3148,-0.10299999999999998
C1=C(C2=C(C=C1)C=CO2)N5CCN(CC3=CC=C([NH]3)C4=CC=C(C=C4)F)CC5,c1ccc(-c2ccc(CN3CCN(c4cccc5ccoc45)CC3)[nH]2)cc1,fluoro_aromatic,1176,0.8816592693328857,0.23596800863742828,-0.6456912606954575,0.6456912606954575,0.8816592693328857,0.23596800863742828,-0.6456912606954575,4.889200000000003,4.750100000000003,-0.1391
C1=C(Cl)C=CC3=C1N(C2=C(C=CC=C2)S3)CCCN4CCN(CCO)CC4,OCCN1CCN(CCCN2c3ccccc3Sc3ccccc32)CC1,aromatic_chloro,1447,0.8816334009170532,0.8789966702461243,-0.002636730670928955,0.002636730670928955,0.8816334009170532,0.8789966702461243,-0.002636730670928955,3.942700000000003,3.2893000000000017,-0.6534000000000013
C1=C(Cl)C=CC3=C1N(C2=C(C=CC=C2)S3)CCCN4CCN(CCO)CC4,[H]CN1CCN(CCCN2c3ccccc3Sc3ccc(Cl)cc32)CC1,hydroxyl,1447,0.8816878199577332,0.8799370527267456,-0.0017507672309875488,0.0017507672309875488,0.8816878199577332,0.8799370527267456,-0.0017507672309875488,3.942700000000003,4.580200000000004,0.6375000000000011
