filename,Class
1.png,1
2.png,1
3.png,1
4.png,1
5.png,1
6.png,1
7.png,1
8.png,1
9.png,1
10.png,1
11.png,1
12.png,1
13.png,1
14.png,1
15.png,1
16.png,1
17.png,1
18.png,1
19.png,1
20.png,1
21.png,1
22.png,1
23.png,1
24.png,1
25.png,1
26.png,1
27.png,1
28.png,1
29.png,1
30.png,1
31.png,1
32.png,1
33.png,1
34.png,1
35.png,1
36.png,1
37.png,1
38.png,1
39.png,1
40.png,1
41.png,1
42.png,1
43.png,1
44.png,1
45.png,1
46.png,1
47.png,1
48.png,1
49.png,1
50.png,1
51.png,1
52.png,1
53.png,1
54.png,1
55.png,1
56.png,1
57.png,1
58.png,1
59.png,1
60.png,1
61.png,1
62.png,1
63.png,1
64.png,1
65.png,1
66.png,1
67.png,1
68.png,1
69.png,1
70.png,1
71.png,1
72.png,1
73.png,1
74.png,1
75.png,1
76.png,1
77.png,1
78.png,1
79.png,1
80.png,1
81.png,1
82.png,1
83.png,1
84.png,1
85.png,1
86.png,1
87.png,1
88.png,1
89.png,1
90.png,1
91.png,1
92.png,1
93.png,1
94.png,1
95.png,1
96.png,1
97.png,1
98.png,1
99.png,1
100.png,1
101.png,1
102.png,0
103.png,0
104.png,0
105.png,0
106.png,0
107.png,0
108.png,0
109.png,0
110.png,0
111.png,0
112.png,0
113.png,0
114.png,0
115.png,0
116.png,0
117.png,0
118.png,0
119.png,0
120.png,0
121.png,0
122.png,0
123.png,0
124.png,0
125.png,0
126.png,0
127.png,0
128.png,0
129.png,0
130.png,0
131.png,0
132.png,0
133.png,0
134.png,0
135.png,0
136.png,0
137.png,0
138.png,0
139.png,0
140.png,0
141.png,0
142.png,0
143.png,0
144.png,0
145.png,0
146.png,0
147.png,0
148.png,0
149.png,0
150.png,0
151.png,0
152.png,0
153.png,0
154.png,0
155.png,0
156.png,0
157.png,0
158.png,0
159.png,0
160.png,0
161.png,0
162.png,0
163.png,0
164.png,0
165.png,0
166.png,0
167.png,0
168.png,0
169.png,0
170.png,0
171.png,0
172.png,0
173.png,0
174.png,0
175.png,0
176.png,0
177.png,0
178.png,0
179.png,0
180.png,0
181.png,0
182.png,0
183.png,0
184.png,0
185.png,0
186.png,0
187.png,0
188.png,0
189.png,0
190.png,0
191.png,0
192.png,0
193.png,0
194.png,0
195.png,0
196.png,0
197.png,0
198.png,0
199.png,0
200.png,0
201.png,0
202.png,0
203.png,0
204.png,0
205.png,1
206.png,1
207.png,1
208.png,1
209.png,1
210.png,1
211.png,1
212.png,1
213.png,1
214.png,1
215.png,1
216.png,1
217.png,1
218.png,1
219.png,1
220.png,1
221.png,1
222.png,1
223.png,1
224.png,1
225.png,1
226.png,1
227.png,1
228.png,1
229.png,1
230.png,1
231.png,1
232.png,1
233.png,1
234.png,1
235.png,1
236.png,1
237.png,1
238.png,1
239.png,1
240.png,1
241.png,1
242.png,1
243.png,1
244.png,1
245.png,1
246.png,1
247.png,1
248.png,1
249.png,1
250.png,1
251.png,1
252.png,1
253.png,1
254.png,1
255.png,1
256.png,1
257.png,1
258.png,1
259.png,1
260.png,1
261.png,1
262.png,1
263.png,1
264.png,1
265.png,1
266.png,1
267.png,1
268.png,1
269.png,1
270.png,1
271.png,1
272.png,1
273.png,1
274.png,1
275.png,1
276.png,1
277.png,1
278.png,1
279.png,1
280.png,1
281.png,1
282.png,1
283.png,1
284.png,1
285.png,1
286.png,1
287.png,1
288.png,1
289.png,1
290.png,1
291.png,1
292.png,1
293.png,1
294.png,1
295.png,1
296.png,1
297.png,1
298.png,1
299.png,1
300.png,1
301.png,1
302.png,1
303.png,1
304.png,1
305.png,1
306.png,1
307.png,1
308.png,1
309.png,1
310.png,1
311.png,1
312.png,1
313.png,1
314.png,1
315.png,1
316.png,1
317.png,1
318.png,1
319.png,1
320.png,1
321.png,1
322.png,1
323.png,1
324.png,1
325.png,1
326.png,1
327.png,1
328.png,1
329.png,1
330.png,1
331.png,1
332.png,1
333.png,1
334.png,1
335.png,1
336.png,1
337.png,1
338.png,1
339.png,1
340.png,1
341.png,1
342.png,1
343.png,1
344.png,1
345.png,1
346.png,1
347.png,1
348.png,1
349.png,1
350.png,1
351.png,1
352.png,1
353.png,1
354.png,1
355.png,1
356.png,1
357.png,1
358.png,1
359.png,1
360.png,1
361.png,1
362.png,1
363.png,1
364.png,1
365.png,1
366.png,1
367.png,1
368.png,1
369.png,1
370.png,1
371.png,1
372.png,1
373.png,1
374.png,1
375.png,1
376.png,1
377.png,1
378.png,1
379.png,1
380.png,1
381.png,1
382.png,1
383.png,1
384.png,1
385.png,1
386.png,1
387.png,1
388.png,1
389.png,1
390.png,1
391.png,1
392.png,1
393.png,1
394.png,1
395.png,1
396.png,1
397.png,1
398.png,1
399.png,1
400.png,1
401.png,1
402.png,1
403.png,1
404.png,1
405.png,1
406.png,1
407.png,1
408.png,1
409.png,1
410.png,1
411.png,1
412.png,1
413.png,1
414.png,1
415.png,1
416.png,1
417.png,1
418.png,1
419.png,1
420.png,1
421.png,1
422.png,1
423.png,1
424.png,1
425.png,1
426.png,1
427.png,1
428.png,1
429.png,1
430.png,1
431.png,1
432.png,1
433.png,1
434.png,1
435.png,1
436.png,1
437.png,1
438.png,1
439.png,1
440.png,1
441.png,1
442.png,1
443.png,1
444.png,1
445.png,1
446.png,1
447.png,1
448.png,1
449.png,1
450.png,1
451.png,1
452.png,1
453.png,1
454.png,1
455.png,1
456.png,1
457.png,1
458.png,1
459.png,1
460.png,1
461.png,1
462.png,1
463.png,1
464.png,1
465.png,1
466.png,1
467.png,1
468.png,1
469.png,1
470.png,1
471.png,1
472.png,1
473.png,1
474.png,1
475.png,1
476.png,1
477.png,1
478.png,1
479.png,1
480.png,1
481.png,1
482.png,1
483.png,1
484.png,1
485.png,1
486.png,1
487.png,1
488.png,1
489.png,1
490.png,1
491.png,1
492.png,1
493.png,1
494.png,1
495.png,1
496.png,1
497.png,1
498.png,1
499.png,1
500.png,1
501.png,1
502.png,1
503.png,1
504.png,1
505.png,1
506.png,1
507.png,1
508.png,1
509.png,1
510.png,1
511.png,1
512.png,1
513.png,1
514.png,1
515.png,1
516.png,1
517.png,1
518.png,1
519.png,1
520.png,1
521.png,1
522.png,1
523.png,1
524.png,1
525.png,1
526.png,1
527.png,1
528.png,1
529.png,1
530.png,1
531.png,1
532.png,1
533.png,1
534.png,1
535.png,1
536.png,1
537.png,1
538.png,1
539.png,1
540.png,1
541.png,1
542.png,1
543.png,1
544.png,1
545.png,1
546.png,1
547.png,1
548.png,1
549.png,1
550.png,1
551.png,1
552.png,1
553.png,1
554.png,1
555.png,1
556.png,1
557.png,1
558.png,1
559.png,1
560.png,1
561.png,1
562.png,1
563.png,1
564.png,1
565.png,1
566.png,1
567.png,1
568.png,1
569.png,1
570.png,1
571.png,1
572.png,1
573.png,1
574.png,1
575.png,1
576.png,1
577.png,1
578.png,1
579.png,1
580.png,1
581.png,1
582.png,1
583.png,1
584.png,1
585.png,1
586.png,1
587.png,1
588.png,1
589.png,1
590.png,1
591.png,1
592.png,1
593.png,1
594.png,1
595.png,1
596.png,1
597.png,1
598.png,1
599.png,1
600.png,1
601.png,1
602.png,1
603.png,1
604.png,1
605.png,1
606.png,1
607.png,1
608.png,1
609.png,1
610.png,1
611.png,1
612.png,1
613.png,1
614.png,1
615.png,1
616.png,1
617.png,1
618.png,1
619.png,1
620.png,1
621.png,1
622.png,1
623.png,1
624.png,1
625.png,1
626.png,1
627.png,1
628.png,1
629.png,1
630.png,1
631.png,1
632.png,1
633.png,1
634.png,1
635.png,1
636.png,1
637.png,1
638.png,1
639.png,1
640.png,1
641.png,1
642.png,1
643.png,1
644.png,1
645.png,1
646.png,1
647.png,1
648.png,1
649.png,1
650.png,1
651.png,1
652.png,1
653.png,1
654.png,1
655.png,1
656.png,1
657.png,1
658.png,1
659.png,1
660.png,1
661.png,1
662.png,1
663.png,1
664.png,1
665.png,1
666.png,1
667.png,1
668.png,1
669.png,1
670.png,1
671.png,1
672.png,1
673.png,1
674.png,1
675.png,1
676.png,1
677.png,1
678.png,1
679.png,1
680.png,1
681.png,1
682.png,1
683.png,1
684.png,1
685.png,1
686.png,1
687.png,1
688.png,1
689.png,1
690.png,1
691.png,1
692.png,1
693.png,1
694.png,1
695.png,1
696.png,1
697.png,1
698.png,1
699.png,1
700.png,1
701.png,1
702.png,1
703.png,1
704.png,1
705.png,1
706.png,1
707.png,1
708.png,1
709.png,1
710.png,1
711.png,1
712.png,1
713.png,1
714.png,1
715.png,1
716.png,1
717.png,1
718.png,1
719.png,1
720.png,1
721.png,1
722.png,1
723.png,1
724.png,1
725.png,1
726.png,1
727.png,1
728.png,1
729.png,1
730.png,1
731.png,1
732.png,1
733.png,1
734.png,1
735.png,1
736.png,1
737.png,1
738.png,1
739.png,1
740.png,1
741.png,1
742.png,1
743.png,1
744.png,1
745.png,1
746.png,1
747.png,1
748.png,1
749.png,1
750.png,1
751.png,1
752.png,1
753.png,1
754.png,1
755.png,1
756.png,1
757.png,1
758.png,1
759.png,1
760.png,1
761.png,1
762.png,1
763.png,1
764.png,1
765.png,1
766.png,1
767.png,1
768.png,1
769.png,1
770.png,1
771.png,1
772.png,1
773.png,1
774.png,1
775.png,1
776.png,1
777.png,1
778.png,1
779.png,1
780.png,1
781.png,1
782.png,1
783.png,1
784.png,1
785.png,1
786.png,1
787.png,1
788.png,1
789.png,1
790.png,1
791.png,1
792.png,1
793.png,1
794.png,1
795.png,0
796.png,0
797.png,0
798.png,0
799.png,0
800.png,0
801.png,0
802.png,0
803.png,0
804.png,0
805.png,0
806.png,0
807.png,0
808.png,0
809.png,0
810.png,0
811.png,0
812.png,0
813.png,0
814.png,0
815.png,0
816.png,0
817.png,0
818.png,0
819.png,0
820.png,0
821.png,0
822.png,0
823.png,0
824.png,0
825.png,0
826.png,0
827.png,0
828.png,0
829.png,0
830.png,0
831.png,0
832.png,0
833.png,0
834.png,0
835.png,0
836.png,0
837.png,0
838.png,0
839.png,0
840.png,0
841.png,0
842.png,0
843.png,0
844.png,0
845.png,0
846.png,0
847.png,0
848.png,0
849.png,0
850.png,0
851.png,0
852.png,0
853.png,0
854.png,0
855.png,0
856.png,0
857.png,0
858.png,0
859.png,0
860.png,0
861.png,0
862.png,0
863.png,0
864.png,0
865.png,0
866.png,0
867.png,0
868.png,0
869.png,0
870.png,0
871.png,0
872.png,0
873.png,0
874.png,0
875.png,0
876.png,0
877.png,0
878.png,0
879.png,0
880.png,0
881.png,0
882.png,0
883.png,0
884.png,0
885.png,0
886.png,0
887.png,0
888.png,0
889.png,0
890.png,0
891.png,0
892.png,0
893.png,0
894.png,0
895.png,0
896.png,0
897.png,0
898.png,0
899.png,0
900.png,0
901.png,0
902.png,0
903.png,0
904.png,0
905.png,0
906.png,0
907.png,0
908.png,0
909.png,0
910.png,0
911.png,0
912.png,0
913.png,0
914.png,0
915.png,0
916.png,0
917.png,0
918.png,0
919.png,0
920.png,0
921.png,0
922.png,0
923.png,0
924.png,0
925.png,0
926.png,0
927.png,0
928.png,0
929.png,0
930.png,0
931.png,0
932.png,0
933.png,0
934.png,0
935.png,0
936.png,0
937.png,0
938.png,0
939.png,0
940.png,0
941.png,0
942.png,0
943.png,0
944.png,0
945.png,0
946.png,0
947.png,0
948.png,0
949.png,0
950.png,0
951.png,0
952.png,0
953.png,0
954.png,0
955.png,0
956.png,0
957.png,0
958.png,0
959.png,0
960.png,0
961.png,0
962.png,0
963.png,0
964.png,0
965.png,0
966.png,0
967.png,0
968.png,0
969.png,0
970.png,0
971.png,0
972.png,0
973.png,0
974.png,0
975.png,0
976.png,0
977.png,0
978.png,0
979.png,0
980.png,0
981.png,0
982.png,0
983.png,0
984.png,0
985.png,0
986.png,0
987.png,0
988.png,0
989.png,0
990.png,0
991.png,0
992.png,0
993.png,0
994.png,0
995.png,0
996.png,0
997.png,0
998.png,0
999.png,0
1000.png,0
1001.png,0
1002.png,0
1003.png,0
1004.png,0
1005.png,0
1006.png,0
1007.png,0
1008.png,0
1009.png,0
1010.png,0
1011.png,0
1012.png,0
1013.png,0
1014.png,0
1015.png,0
1016.png,0
1017.png,0
1018.png,0
1019.png,0
1020.png,0
1021.png,0
1022.png,0
1023.png,0
1024.png,0
1025.png,0
1026.png,0
1027.png,0
1028.png,0
1029.png,0
1030.png,0
1031.png,0
1032.png,0
1033.png,0
1034.png,0
1035.png,0
1036.png,0
1037.png,0
1038.png,0
1039.png,0
1040.png,0
1041.png,0
1042.png,0
1043.png,0
1044.png,0
1045.png,0
1046.png,0
1047.png,0
1048.png,0
1049.png,0
1050.png,0
1051.png,0
1052.png,0
1053.png,0
1054.png,0
1055.png,0
1056.png,0
1057.png,0
1058.png,0
1059.png,0
1060.png,0
1061.png,0
1062.png,0
1063.png,0
1064.png,0
1065.png,0
1066.png,0
1067.png,0
1068.png,0
1069.png,0
1070.png,0
1071.png,0
1072.png,0
1073.png,0
1074.png,0
1075.png,0
1076.png,0
1077.png,0
1078.png,0
1079.png,0
1080.png,0
1081.png,0
1082.png,0
1083.png,0
1084.png,0
1085.png,0
1086.png,0
1087.png,0
1088.png,0
1089.png,0
1090.png,0
1091.png,0
1092.png,0
1093.png,0
1094.png,0
1095.png,0
1096.png,0
1097.png,0
1098.png,0
1099.png,0
1100.png,0
1101.png,0
1102.png,0
1103.png,0
1104.png,0
1105.png,0
1106.png,0
1107.png,0
1108.png,0
1109.png,0
1110.png,0
1111.png,0
1112.png,0
1113.png,0
1114.png,0
1115.png,0
1116.png,0
1117.png,0
1118.png,0
1119.png,0
1120.png,0
1121.png,0
1122.png,0
1123.png,0
1124.png,0
1125.png,0
1126.png,0
1127.png,0
1128.png,0
1129.png,0
1130.png,0
1131.png,0
1132.png,0
1133.png,0
1134.png,0
1135.png,0
1136.png,0
1137.png,0
1138.png,0
1139.png,0
1140.png,0
1141.png,0
1142.png,0
1143.png,0
1144.png,0
1145.png,0
1146.png,0
1147.png,0
1148.png,0
1149.png,0
1150.png,0
1151.png,0
1152.png,0
1153.png,0
1154.png,0
1155.png,0
1156.png,0
1157.png,0
1158.png,0
1159.png,0
1160.png,0
1161.png,0
1162.png,0
1163.png,0
1164.png,0
1165.png,0
1166.png,0
1167.png,0
1168.png,0
1169.png,0
1170.png,0
1171.png,0
1172.png,0
1173.png,0
1174.png,0
1175.png,0
1176.png,0
1177.png,0
1178.png,0
1179.png,0
1180.png,0
1181.png,0
1182.png,0
1183.png,0
1184.png,0
1185.png,0
1186.png,0
1187.png,0
1188.png,0
1189.png,0
1190.png,0
1191.png,0
1192.png,0
1193.png,0
1194.png,0
1195.png,0
1196.png,0
1197.png,0
1198.png,0
1199.png,0
1200.png,0
1201.png,0
1202.png,0
1203.png,0
1204.png,0
1205.png,0
1206.png,0
1207.png,0
1208.png,0
1209.png,0
1210.png,0
1211.png,0
1212.png,0
1213.png,0
1214.png,0
1215.png,0
1216.png,0
1217.png,0
1218.png,0
1219.png,0
1220.png,0
1221.png,0
1222.png,0
1223.png,0
1224.png,0
1225.png,0
1226.png,0
1227.png,0
1228.png,0
1229.png,0
1230.png,0
1231.png,0
1232.png,0
1233.png,0
1234.png,0
1235.png,0
1236.png,0
1237.png,0
1238.png,0
1239.png,0
1240.png,0
1241.png,0
1242.png,0
1243.png,0
1244.png,0
1245.png,0
1246.png,0
1247.png,0
1248.png,0
1249.png,0
1250.png,0
1251.png,0
1252.png,0
1253.png,0
1254.png,0
1255.png,0
1256.png,0
1257.png,0
1258.png,0
1259.png,0
1260.png,0
1261.png,0
1262.png,0
1263.png,0
1264.png,0
1265.png,0
1266.png,0
1267.png,0
1268.png,0
1269.png,0
1270.png,0
1271.png,0
1272.png,0
1273.png,0
1274.png,0
1275.png,0
1276.png,0
1277.png,0
1278.png,0
1279.png,0
1280.png,0
1281.png,0
1282.png,0
1283.png,0
1284.png,0
1285.png,0
1286.png,0
1287.png,0
1288.png,0
1289.png,0
1290.png,0
1291.png,0
1292.png,0
1293.png,0
1294.png,0
1295.png,0
1296.png,0
1297.png,0
1298.png,0
1299.png,0
1300.png,0
1301.png,0
1302.png,0
1303.png,0
1304.png,0
1305.png,0
1306.png,0
1307.png,0
1308.png,0
1309.png,0
1310.png,0
1311.png,0
1312.png,0
1313.png,0
1314.png,0
1315.png,0
1316.png,0
1317.png,0
1318.png,0
1319.png,0
1320.png,0
1321.png,0
1322.png,0
1323.png,0
1324.png,0
1325.png,0
1326.png,0
1327.png,0
1328.png,0
1329.png,0
1330.png,0
1331.png,0
1332.png,0
1333.png,0
1334.png,0
1335.png,0
1336.png,0
1337.png,0
1338.png,0
1339.png,0
1340.png,0
1341.png,0
1342.png,0
1343.png,0
1344.png,0
1345.png,0
1346.png,0
1347.png,0
1348.png,0
1349.png,0
1350.png,0
1351.png,0
1352.png,0
1353.png,0
1354.png,0
1355.png,0
1356.png,0
1357.png,0
1358.png,0
1359.png,0
1360.png,0
1361.png,0
1362.png,0
1363.png,0
1364.png,0
1365.png,0
1366.png,0
1367.png,0
1368.png,0
1369.png,0
1370.png,0
1371.png,0
1372.png,0
1373.png,0
1374.png,0
1375.png,0
1376.png,0
1377.png,0
1378.png,0
1379.png,0
1380.png,0
1381.png,0
1382.png,0
1383.png,0
1384.png,0
1385.png,0
1386.png,0
1387.png,0
1388.png,0
1389.png,0
1390.png,0
1391.png,0
1392.png,0
1393.png,0
1394.png,0
1395.png,0
1396.png,0
1397.png,0
1398.png,0
1399.png,0
1400.png,0
1401.png,0
1402.png,0
1403.png,0
1404.png,0
1405.png,0
1406.png,0
1407.png,0
1408.png,0
1409.png,0
1410.png,0
1411.png,0
1412.png,0
1413.png,0
1414.png,0
1415.png,0
1416.png,0
1417.png,0
1418.png,0
1419.png,0
1420.png,0
1421.png,0
1422.png,0
1423.png,0
1424.png,0
1425.png,0
1426.png,0
1427.png,0
1428.png,0
1429.png,0
1430.png,0
1431.png,0
1432.png,0
1433.png,0
1434.png,0
1435.png,0
1436.png,0
1437.png,0
1438.png,0
1439.png,0
1440.png,0
1441.png,0
1442.png,0
1443.png,0
1444.png,0
1445.png,0
1446.png,0
1447.png,0
1448.png,0
1449.png,0
1450.png,0
1451.png,0
1452.png,0
1453.png,0
1454.png,0
1455.png,0
1456.png,0
1457.png,0
1458.png,0
1459.png,0
1460.png,0
1461.png,0
1462.png,0
1463.png,0
1464.png,0
1465.png,0
1466.png,0
1467.png,0
1468.png,0
1469.png,0
1470.png,0
1471.png,0
1472.png,0
1473.png,0
1474.png,0
1475.png,0
1476.png,0
1477.png,0
1478.png,0
1479.png,0
1480.png,0
1481.png,0
1482.png,0
1483.png,0
1484.png,0
1485.png,0
1486.png,0
1487.png,0
1488.png,0
1489.png,0
1490.png,0
1491.png,0
1492.png,0
1493.png,0
1494.png,0
1495.png,0
1496.png,0
1497.png,0
1498.png,0
1499.png,0
1500.png,0
1501.png,0
1502.png,0
1503.png,0
1504.png,0
1505.png,0
1506.png,0
1507.png,0
1508.png,0
1509.png,0
1510.png,0
1511.png,0
1512.png,0
1513.png,0
